0,40.813,106.7151,0.69
0.05,41.113,106.7151235,0.69
0.1,41.413,106.715147,0.69
0.15,41.713,106.7151705,0.69
0.2,42.013,106.7151941,0.69
0.25,42.313,106.7152176,0.69
0.3,42.61299999,106.7152411,0.69
0.35,42.91299999,106.7152646,0.69
0.4,43.21299999,106.7152881,0.69
0.45,43.51299999,106.7153116,0.69
0.5,43.81299999,106.7153351,0.69
0.55,44.11299999,106.7153586,0.69
0.6,44.41299999,106.7153822,0.69
0.65,44.71299999,106.7154057,0.69
0.7,45.01299999,106.7154292,0.69
0.75,45.31299999,106.7154527,0.69
0.8,45.61299999,106.7154762,0.69
0.85,45.91299998,106.7154997,0.69
0.9,46.21299998,106.7155232,0.69
0.95,46.51299998,106.7155467,0.69
1,46.81299998,106.7155703,0.69
1.05,47.11299998,106.7155938,0.69
1.1,47.41299998,106.7156173,0.69
1.15,47.71299998,106.7156408,0.69
1.2,48.01299998,106.7156643,0.69
1.25,48.31299998,106.7156878,0.69
1.3,48.61299998,106.7157113,0.69
1.35,48.91299998,106.7157348,0.69
1.4,49.21299997,106.7157584,0.69
1.45,49.51299997,106.7157819,0.69
1.5,49.81299997,106.7158054,0.69
1.55,50.11299997,106.7158289,0.69
1.6,50.41299997,106.7158524,0.69
1.65,50.71299997,106.7158759,0.69
1.7,51.01299997,106.7158994,0.69
1.75,51.31299997,106.7159229,0.69
1.8,51.61299997,106.7159465,0.69
1.85,51.91299997,106.71597,0.69
1.9,52.21299996,106.7159935,0.69
1.95,52.51299996,106.716017,0.69
2,52.81299996,106.7160405,0.69
2.05,53.11299996,106.716064,0.69
2.1,53.41299996,106.7160875,0.69
2.15,53.71299996,106.716111,0.69
2.2,54.01299996,106.7161346,0.69
2.25,54.31299996,106.7161581,0.69
2.3,54.61299996,106.7161816,0.69
2.35,54.91299996,106.7162051,0.69
2.4,55.21299996,106.7162286,0.69
2.45,55.51299995,106.7162521,0.69
2.5,55.81299995,106.7162756,0.69
2.55,56.11299995,106.7162991,0.69
2.6,56.41299995,106.7163227,0.69
2.65,56.71299995,106.7163462,0.69
2.7,57.01299995,106.7163697,0.69
2.75,57.31299995,106.7163932,0.69
2.8,57.61299995,106.7164167,0.69
2.85,57.91299995,106.7164402,0.69
2.9,58.21299995,106.7164637,0.69
2.95,58.51299995,106.7164873,0.69
3,58.81299994,106.7165108,0.69
3.05,59.11299994,106.7165343,0.69
3.1,59.41299994,106.7165578,0.69
3.15,59.71299994,106.7165813,0.69
3.2,60.01299994,106.7166048,0.69
3.25,60.31299994,106.7166283,0.69
3.3,60.61299994,106.7166518,0.69
3.35,60.91299994,106.7166754,0.69
3.4,61.21299994,106.7166989,0.69
3.45,61.51299994,106.7167224,0.69
3.5,61.81299994,106.7167459,0.69
3.55,62.11299993,106.7167694,0.69
3.6,62.41299993,106.7167929,0.69
3.65,62.71299993,106.7168164,0.69
3.7,63.01299993,106.7168399,0.69
3.75,63.31299993,106.7168635,0.69
3.8,63.61299993,106.716887,0.69
3.85,63.91299993,106.7169105,0.69
3.9,64.21299993,106.716934,0.69
3.95,64.51299993,106.7169575,0.69
4,64.81299993,106.716981,0.69
4.05,65.11299993,106.7170045,0.69
4.1,65.41299992,106.717028,0.69
4.15,65.71299992,106.7170516,0.69
4.2,66.01299992,106.7170751,0.69
4.25,66.31299992,106.7170986,0.69
4.3,66.61299992,106.7171221,0.69
4.35,66.91299992,106.7171456,0.69
4.4,67.21299992,106.7171691,0.69
4.45,67.51299992,106.7171926,0.69
4.5,67.81299992,106.7172161,0.69
4.55,68.11299992,106.7172397,0.69
4.6,68.41299992,106.7172632,0.69
4.65,68.71299991,106.7172867,0.69
4.7,69.01299991,106.7173102,0.69
4.75,69.31299991,106.7173337,0.69
4.8,69.61299991,106.7173572,0.69
4.85,69.91299991,106.7173807,0.69
4.9,70.21299991,106.7174042,0.69
4.95,70.51299991,106.7174278,0.69
5,70.81299991,106.7174513,0.69
5.05,71.11299991,106.7174748,0.69
5.1,71.41299991,106.7174983,0.69
5.15,71.71299991,106.7175218,0.69
5.2,72.0129999,106.7175453,0.69
5.25,72.3129999,106.7175688,0.69
5.3,72.6129999,106.7175923,0.69
5.35,72.9129999,106.7176159,0.69
5.4,73.2129999,106.7176394,0.69
5.45,73.5129999,106.7176629,0.69
5.5,73.8129999,106.7176864,0.69
5.55,74.1129999,106.7177099,0.69
5.6,74.4129999,106.7177334,0.69
5.65,74.7129999,106.7177569,0.69
5.7,75.01299989,106.7177805,0.69
5.75,75.31299989,106.717804,0.69
5.8,75.61299989,106.7178275,0.69
5.85,75.91299989,106.717851,0.69
5.9,76.21299989,106.7178745,0.69
5.95,76.51299989,106.717898,0.69
6,76.81299989,106.7179215,0.69
6.05,77.11299989,106.717945,0.69
6.1,77.41299989,106.7179686,0.69
6.15,77.71299989,106.7179921,0.69
6.2,78.01299989,106.7180156,0.69
6.25,78.31299988,106.7180391,0.69
6.3,78.61299988,106.7180626,0.69
6.35,78.91299988,106.7180861,0.69
6.4,79.21299988,106.7181096,0.69
6.45,79.51299988,106.7181331,0.69
6.5,79.81299988,106.7181567,0.69
6.55,80.11299988,106.7181802,0.69
6.6,80.41299988,106.7182037,0.69
6.65,80.71299988,106.7182272,0.69
6.7,81.01299988,106.7182507,0.69
6.75,81.31299988,106.7182742,0.69
6.8,81.61299987,106.7182977,0.69
6.85,81.91299987,106.7183212,0.69
6.9,82.21299987,106.7183448,0.69
6.95,82.51299987,106.7183683,0.69
7,82.81299987,106.7183918,0.69
7.05,83.11299987,106.7184153,0.69
7.1,83.41299987,106.7184388,0.69
7.15,83.71299987,106.7184623,0.69
7.2,84.01299987,106.7184858,0.69
7.25,84.31299987,106.7185093,0.69
7.3,84.61299987,106.7185329,0.69
7.35,84.91299986,106.7185564,0.69
7.4,85.21299986,106.7185799,0.69
7.45,85.51299986,106.7186034,0.69
7.5,85.81299986,106.7186269,0.69
7.55,86.11299986,106.7186504,0.69
7.6,86.41299986,106.7186739,0.69
7.65,86.71299986,106.7186974,0.69
7.7,87.01299986,106.718721,0.69
7.75,87.31299986,106.7187445,0.69
7.8,87.61299986,106.718768,0.69
7.85,87.91299986,106.7187915,0.69
7.9,88.21299985,106.718815,0.69
7.95,88.51299985,106.7188385,0.69
8,88.81299985,106.718862,0.69
8.05,89.11299985,106.7188855,0.69
8.1,89.41299985,106.7189091,0.69
8.15,89.71299985,106.7189326,0.69
8.2,90.01299985,106.7189561,0.69
8.25,90.31299985,106.7189796,0.69
8.3,90.61299985,106.7190031,0.69
8.35,90.91299985,106.7190266,0.69
8.4,91.21299985,106.7190501,0.69
8.45,91.51299984,106.7190737,0.69
8.5,91.81299984,106.7190972,0.69
8.55,92.11299984,106.7191207,0.69
8.6,92.41299984,106.7191442,0.69
8.65,92.71299984,106.7191677,0.69
8.7,93.01299984,106.7191912,0.69
8.75,93.31299984,106.7192147,0.69
8.8,93.61299984,106.7192382,0.69
8.85,93.91299984,106.7192618,0.69
8.9,94.21299984,106.7192853,0.69
8.95,94.51299984,106.7193088,0.69
9,94.81299983,106.7193323,0.69
9.05,95.11299983,106.7193558,0.69
9.1,95.41299983,106.7193793,0.69
9.15,95.71299983,106.7194028,0.69
9.2,96.01299983,106.7194263,0.69
9.25,96.31299983,106.7194499,0.69
9.3,96.61299983,106.7194734,0.69
9.35,96.91299983,106.7194969,0.69
9.4,97.21299983,106.7195204,0.69
9.45,97.51299983,106.7195439,0.69
9.5,97.81299982,106.7195674,0.69
9.55,98.11299982,106.7195909,0.69
9.6,98.41299982,106.7196144,0.69
9.65,98.71299982,106.719638,0.69
9.7,99.01299982,106.7196615,0.69
9.75,99.31299982,106.719685,0.69
9.8,99.61299982,106.7197085,0.69
9.85,99.91299982,106.719732,0.69
9.9,100.2129998,106.7197555,0.69
9.95,100.5129998,106.719779,0.69
10,100.8129998,106.7198025,0.69
10.05,101.1129998,106.7198261,0.69
10.1,101.4129998,106.7198496,0.69
10.15,101.7129998,106.7198731,0.69
10.2,102.0129998,106.7198966,0.69
10.25,102.3129998,106.7199201,0.69
10.3,102.6129998,106.7199436,0.69
10.35,102.9129998,106.7199671,0.69
10.4,103.2129998,106.7199906,0.69
10.45,103.5129998,106.7200142,0.69
10.5,103.8129998,106.7200377,0.69
10.55,104.1129998,106.7200612,0.69
10.6,104.4129998,106.7200847,0.69
10.65,104.7129998,106.7201082,0.69
10.7,105.0129998,106.7201317,0.69
10.75,105.3129998,106.7201552,0.69
10.8,105.6129998,106.7201787,0.69
10.85,105.9129998,106.7202023,0.69
10.9,106.2129998,106.7202258,0.69
10.95,106.5129998,106.7202493,0.69
11,106.8129998,106.7202728,0.69
11.05,107.1129998,106.7202963,0.69
11.1,107.4129998,106.7203198,0.69
11.15,107.7129998,106.7203433,0.69
11.2,108.0129998,106.7203669,0.69
11.25,108.3129998,106.7203904,0.69
11.3,108.6129998,106.7204139,0.69
11.35,108.9129998,106.7204374,0.69
11.4,109.2129998,106.7204609,0.69
11.45,109.5129998,106.7204844,0.69
11.5,109.8129998,106.7205079,0.69
11.55,110.1129998,106.7205314,0.69
11.6,110.4129998,106.720555,0.69
11.65,110.7129998,106.7205785,0.69
11.7,111.0129998,106.720602,0.69
11.75,111.3129998,106.7206255,0.69
11.8,111.6129998,106.720649,0.69
11.85,111.9129998,106.7206725,0.69
11.9,112.2129998,106.720696,0.69
11.95,112.5129998,106.7207195,0.69
12,112.8129998,106.7207431,0.69
12.05,113.1129998,106.7207666,0.69
12.1,113.4129998,106.7207901,0.69
12.15,113.7129998,106.7208136,0.69
12.2,114.0129998,106.7208371,0.69
12.25,114.3129998,106.7208606,0.69
12.3,114.6129998,106.7208841,0.69
12.35,114.9129701,106.7184619,0.69
12.4,115.2128809,106.7111484,0.69
12.45,115.5125218,106.6983124,0.69
12.5,115.8117162,106.6763423,0.69
12.55,116.1103088,106.6482349,0.69
12.6,116.408071,106.6116607,0.69
12.65,116.7048387,106.5683553,0.69
12.7,117.0004563,106.5172646,0.69
12.75,117.2946275,106.4588739,0.69
12.8,117.5873931,106.3933888,0.69
12.85,117.8782028,106.3200646,0.69
12.9,118.167416,106.2403419,0.69
12.95,118.4541079,106.1522747,0.69
13,118.7390768,106.0585051,0.69
13.05,119.0209053,105.9559237,0.69
13.1,119.3009481,105.8483316,0.69
13.15,119.5771801,105.7315023,0.69
13.2,119.8516267,105.6103451,0.69
13.25,120.1215437,105.4795712,0.69
13.3,120.3897375,105.3451388,0.69
13.35,120.6526374,105.2007598,0.69
13.4,120.9139367,105.0533737,0.69
13.45,121.1691353,104.8957644,0.69
13.5,121.422915,104.7357773,0.69
13.55,121.6697483,104.5653466,0.69
13.6,121.9154012,104.3931414,0.69
13.65,122.1532265,104.2103317,0.69
13.7,122.3901649,104.0263202,0.69
13.75,122.6183633,103.8316059,0.69
13.8,122.8460202,103.6362285,0.69
13.85,123.0639973,103.4301148,0.69
13.9,123.2815325,103.2235417,0.69
13.95,123.489016,103.0068608,0.69
14,123.6957186,102.789468,0.69
14.05,123.8923584,102.5629006,0.69
14.1,124.0876918,102.3352542,0.69
14.15,124.2730174,102.0993424,0.69
14.2,124.4564745,101.8620352,0.69
14.25,124.6300426,101.6173433,0.69
14.3,124.8011472,101.370993,0.69
14.35,124.9625425,101.1181065,0.69
14.4,125.1208504,100.8633543,0.69
14.45,125.2696866,100.6028783,0.69
14.5,125.4147868,100.340387,0.69
14.55,125.550708,100.0729446,0.69
14.6,125.6822237,99.8033972,0.69
14.65,125.8049046,99.52962832,0.69
14.7,125.9224943,99.25372593,0.69
14.75,126.0316414,98.97428557,0.69
14.8,126.1349997,98.69274582,0.69
14.85,126.2303518,98.40830256,0.69
14.9,126.31921,98.12185767,0.69
14.95,126.4005391,97.83309205,0.69
15,126.4746664,97.54248695,0.69
15.05,126.5417778,97.25008986,0.69
15.1,126.6009813,96.95608025,0.69
15.15,126.6537145,96.66075126,0.69
15.2,126.6978401,96.36410167,0.69
15.25,126.7360689,96.06654737,0.69
15.3,126.7650016,95.7680292,0.69
15.35,126.7886345,95.46896151,0.69
15.4,126.8022987,95.16935099,0.69
15.45,126.8112793,94.86948544,0.69
15.5,126.8139984,94.56953033,0.69
15.55,126.814335,94.26953052,0.69
15.6,126.8146715,93.96953071,0.69
15.65,126.8150081,93.6695309,0.69
15.7,126.8153447,93.36953109,0.69
15.75,126.8152838,93.06953122,0.69
15.8,126.8150381,92.76953132,0.69
15.85,126.8147923,92.46953142,0.69
15.9,126.8145466,92.16953152,0.69
15.95,126.8143009,91.86953162,0.69
16,126.8141926,91.56953795,0.69
16.05,126.8142161,91.26953795,0.69
16.1,126.8142396,90.96953795,0.69
16.15,126.8142631,90.66953795,0.69
16.2,126.8142867,90.36953795,0.69
16.25,126.8143102,90.06953795,0.69
16.3,126.8143337,89.76953795,0.69
16.35,126.8143572,89.46953795,0.69
16.4,126.8143807,89.16953795,0.69
16.45,126.8144042,88.86953796,0.69
16.5,126.8144277,88.56953796,0.69
16.55,126.8144512,88.26953796,0.69
16.6,126.8144748,87.96953796,0.69
16.65,126.8144983,87.66953796,0.69
16.7,126.8145218,87.36953796,0.69
16.75,126.8145453,87.06953796,0.69
16.8,126.8145688,86.76953796,0.69
16.85,126.8145923,86.46953796,0.69
16.9,126.8146158,86.16953796,0.69
16.95,126.8146394,85.86953796,0.69
17,126.8146629,85.56953797,0.69
17.05,126.8146864,85.26953797,0.69
17.1,126.8147099,84.96953797,0.69
17.15,126.8147334,84.66953797,0.69
17.2,126.8147569,84.36953797,0.69
17.25,126.8147804,84.06953797,0.69
17.3,126.8148039,83.76953797,0.69
17.35,126.8148275,83.46953797,0.69
17.4,126.814851,83.16953797,0.69
17.45,126.8148745,82.86953797,0.69
17.5,126.814898,82.56953797,0.69
17.55,126.8149215,82.26953798,0.69
17.6,126.814945,81.96953798,0.69
17.65,126.8149684,81.66953798,0.69
17.7,126.8149919,81.36953798,0.69
17.75,126.8150154,81.06953798,0.69
17.8,126.8150388,80.76953798,0.69
17.85,126.8150622,80.46953798,0.69
17.9,126.8150856,80.16953798,0.69
17.95,126.8151089,79.86953798,0.69
18,126.8151323,79.56953798,0.69
18.05,126.8151556,79.26953798,0.69
18.1,126.8151788,78.96953799,0.69
18.15,126.8152021,78.66953799,0.69
18.2,126.8152253,78.36953799,0.69
18.25,126.8152485,78.06953799,0.69
18.3,126.8152716,77.76953799,0.69
18.35,126.8152947,77.46953799,0.69
18.4,126.8153178,77.16953799,0.69
18.45,126.8153409,76.86953799,0.69
18.5,126.8153639,76.56953799,0.69
18.55,126.8153869,76.26953799,0.69
18.6,126.8154098,75.96953799,0.69
18.65,126.8154328,75.669538,0.69
18.7,126.8154557,75.369538,0.69
18.75,126.8154786,75.069538,0.69
18.8,126.8155015,74.769538,0.69
18.85,126.8155244,74.469538,0.69
18.9,126.8155473,74.169538,0.69
18.95,126.8155702,73.869538,0.69
19,126.815593,73.569538,0.69
19.05,126.8156159,73.269538,0.69
19.1,126.8156388,72.969538,0.69
19.15,126.8156617,72.669538,0.69
19.2,126.8156846,72.369538,0.69
19.25,126.8157075,72.06953801,0.69
19.3,126.8157304,71.76953801,0.69
19.35,126.8157534,71.46953801,0.69
19.4,126.8157764,71.16953801,0.69
19.45,126.8157994,70.86953801,0.69
19.5,126.8158224,70.56953801,0.69
19.55,126.8158454,70.26953801,0.69
19.6,126.8158685,69.96953801,0.69
19.65,126.8158916,69.66953801,0.69
19.7,126.8159148,69.36953801,0.69
19.75,126.8159379,69.06953801,0.69
19.8,126.8159611,68.76953802,0.69
19.85,126.8159844,68.46953802,0.69
19.9,126.8160077,68.16953802,0.69
19.95,126.816031,67.86953802,0.69
20,126.8160543,67.56953802,0.69
20.05,126.8160777,67.26953802,0.69
20.1,126.816101,66.96953802,0.69
20.15,126.8161244,66.66953802,0.69
20.2,126.8161479,66.36953802,0.69
20.25,126.8161713,66.06953802,0.69
20.3,126.8161948,65.76953802,0.69
20.35,126.8162183,65.46953803,0.69
20.4,126.8162418,65.16953803,0.69
20.45,126.8162653,64.86953803,0.69
20.5,126.8162888,64.56953803,0.69
20.55,126.8163123,64.26953803,0.69
20.6,126.8163358,63.96953803,0.69
20.65,126.8163593,63.66953803,0.69
20.7,126.8163828,63.36953803,0.69
20.75,126.8164063,63.06953803,0.69
20.8,126.8164298,62.76953803,0.69
20.85,126.8164533,62.46953803,0.69
20.9,126.8164769,62.16953804,0.69
20.95,126.8165004,61.86953804,0.69
21,126.8165239,61.56953804,0.69
21.05,126.8165474,61.26953804,0.69
21.1,126.8165709,60.96953804,0.69
21.15,126.8165944,60.66953804,0.69
21.2,126.8166179,60.36953804,0.69
21.25,126.8166414,60.06953804,0.69
21.3,126.816665,59.76953804,0.69
21.35,126.8166885,59.46953804,0.69
21.4,126.816712,59.16953804,0.69
21.45,126.8167355,58.86953805,0.69
21.5,126.816759,58.56953805,0.69
21.55,126.8167825,58.26953805,0.69
21.6,126.816806,57.96953805,0.69
21.65,126.8168295,57.66953805,0.69
21.7,126.8168531,57.36953805,0.69
21.75,126.8168766,57.06953805,0.69
21.8,126.8169001,56.76953805,0.69
21.85,126.8169236,56.46953805,0.69
21.9,126.8169471,56.16953805,0.69
21.95,126.8169706,55.86953805,0.69
22,126.8169941,55.56953806,0.69
22.05,126.8170176,55.26953806,0.69
22.1,126.8170412,54.96953806,0.69
22.15,126.8170647,54.66953806,0.69
22.2,126.8170882,54.36953806,0.69
22.25,126.8171117,54.06953806,0.69
22.3,126.8171352,53.76953806,0.69
22.35,126.8171587,53.46953806,0.69
22.4,126.8171822,53.16953806,0.69
22.45,126.8172058,52.86953806,0.69
22.5,126.8172293,52.56953807,0.69
22.55,126.8172528,52.26953807,0.69
22.6,126.8172763,51.96953807,0.69
22.65,126.8172998,51.66953807,0.69
22.7,126.8173233,51.36953807,0.69
22.75,126.8173468,51.06953807,0.69
22.8,126.8173703,50.76953807,0.69
22.85,126.8173939,50.46953807,0.69
22.9,126.8174174,50.16953807,0.69
22.95,126.8174409,49.86953807,0.69
23,126.8174644,49.56953807,0.69
23.05,126.8174879,49.26953808,0.69
23.1,126.8175114,48.96953808,0.69
23.15,126.8175349,48.66953808,0.69
23.2,126.8175584,48.36953808,0.69
23.25,126.817582,48.06953808,0.69
23.3,126.8176055,47.76953808,0.69
23.35,126.817629,47.46953808,0.69
23.4,126.8176525,47.16953808,0.69
23.45,126.817676,46.86953808,0.69
23.5,126.8176995,46.56953808,0.69
23.55,126.817723,46.26953808,0.69
23.6,126.8177465,45.96953809,0.69
23.65,126.8177701,45.66953809,0.69
23.7,126.8177936,45.36953809,0.69
23.75,126.8178171,45.06953809,0.69
23.8,126.8178406,44.76953809,0.69
23.85,126.8178641,44.46953809,0.69
23.9,126.8178876,44.16953809,0.69
23.95,126.8179111,43.86953809,0.69
24,126.8179346,43.56953809,0.69
24.05,126.8179582,43.26953809,0.69
24.1,126.8179817,42.96953809,0.69
24.15,126.8180052,42.6695381,0.69
24.2,126.8180287,42.3695381,0.69
24.25,126.8180522,42.0695381,0.69
24.3,126.8180757,41.7695381,0.69
24.35,126.8180992,41.4695381,0.69
24.4,126.8181227,41.1695381,0.69
24.45,126.8181463,40.8695381,0.69
24.5,126.8181698,40.5695381,0.69
24.55,126.8181933,40.2695381,0.69
24.6,126.8182168,39.9695381,0.69
24.65,126.8182403,39.6695381,0.69
24.7,126.8182638,39.36953811,0.69
24.75,126.8182873,39.06953811,0.69
24.8,126.8183108,38.76953811,0.69
24.85,126.8183344,38.46953811,0.69
24.9,126.8183579,38.16953811,0.69
24.95,126.8183814,37.86953811,0.69
25,126.8184049,37.56953811,0.69
25.05,126.8184284,37.26953811,0.69
25.1,126.8184519,36.96953811,0.69
25.15,126.8184754,36.66953811,0.69
25.2,126.818499,36.36953811,0.69
25.25,126.8185225,36.06953812,0.69
25.3,126.818546,35.76953812,0.69
25.35,126.8185695,35.46953812,0.69
25.4,126.818593,35.16953812,0.69
25.45,126.8186165,34.86953812,0.69
25.5,126.81864,34.56953812,0.69
25.55,126.8186635,34.26953812,0.69
25.6,126.8186871,33.96953812,0.69
25.65,126.8187106,33.66953812,0.69
25.7,126.8187341,33.36953812,0.69
25.75,126.8187576,33.06953812,0.69
25.8,126.8187811,32.76953813,0.69
25.85,126.8188046,32.46953813,0.69
25.9,126.8188281,32.16953813,0.69
25.95,126.8188516,31.86953813,0.69
26,126.8188752,31.56953813,0.69
26.05,126.8188987,31.26953813,0.69
26.1,126.8189222,30.96953813,0.69
26.15,126.8189457,30.66953813,0.69
26.2,126.8189692,30.36953813,0.69
26.25,126.8189927,30.06953813,0.69
26.3,126.8190162,29.76953814,0.69
26.35,126.8190397,29.46953814,0.69
26.4,126.8190633,29.16953814,0.69
26.45,126.8190868,28.86953814,0.69
26.5,126.8191103,28.56953814,0.69
26.55,126.8191338,28.26953814,0.69
26.6,126.8191573,27.96953814,0.69
26.65,126.8191808,27.66953814,0.69
26.7,126.8192043,27.36953814,0.69
26.75,126.8192278,27.06953814,0.69
26.8,126.8192514,26.76953814,0.69
26.85,126.8192749,26.46953815,0.69
26.9,126.8192984,26.16953815,0.69
26.95,126.8193219,25.86953815,0.69
27,126.8131232,25.5696648,0.69
27.05,126.8008916,25.26991426,0.69
27.1,126.7886601,24.97016371,0.69
27.15,126.7764286,24.67041316,0.69
27.2,126.7641971,24.37066262,0.69
27.25,126.7519655,24.07091207,0.69
27.3,126.739734,23.77116153,0.69
27.35,126.7275025,23.47141098,0.69
27.4,126.715271,23.17166044,0.69
27.45,126.7030394,22.87190989,0.69
27.5,126.6908079,22.57215934,0.69
27.55,126.6785764,22.2724088,0.69
27.6,126.6663449,21.97265825,0.69
27.65,126.6541133,21.67290771,0.69
27.7,126.6418818,21.37315716,0.69
27.75,126.6296503,21.07340661,0.69
27.8,126.6174188,20.77365607,0.69
27.85,126.6051872,20.47390552,0.69
27.9,126.5930906,20.17414962,0.69
27.95,126.5815108,19.87437319,0.69
28,126.569931,19.57459676,0.69
28.05,126.5583512,19.27482033,0.69
28.1,126.5467715,18.97504389,0.69
28.15,126.5351917,18.67526746,0.69
28.2,126.5236119,18.37549103,0.69
28.25,126.5120321,18.0757146,0.69
28.3,126.5004523,17.77593817,0.69
28.35,126.4888725,17.47616174,0.69
28.4,126.4772928,17.17638531,0.69
28.45,126.465713,16.87660888,0.69
28.5,126.4541332,16.57683245,0.69
28.55,126.4425534,16.27705602,0.69
28.6,126.4309736,15.97727958,0.69
28.65,126.4193938,15.67750315,0.69
28.7,126.4078141,15.37772672,0.69
28.75,126.3962343,15.07795029,0.69
28.8,126.3846545,14.77817386,0.69
28.85,126.3730747,14.47839743,0.69
28.9,126.3664749,14.1784719,0.69
28.95,126.352817,13.87887385,0.69
29,126.3305939,13.57972703,0.69
29.05,126.2949536,13.2818516,0.69
29.1,126.2495521,12.98538847,0.69
29.15,126.1956909,12.69033221,0.69
29.2,126.1309532,12.39740044,0.69
29.25,126.0543149,12.10740752,0.69
29.3,125.9694273,11.81975962,0.69
29.35,125.8762186,11.53460678,0.69
29.4,125.7691983,11.25434786,0.69
29.45,125.654241,10.9773433,0.69
29.5,125.5313939,10.70370107,0.69
29.55,125.3972542,10.43536072,0.69
29.6,125.2535188,10.17211601,0.69
29.65,125.1023199,9.913095323,0.69
29.7,124.9424616,9.659234492,0.69
29.75,124.7715599,9.412713274,0.69
29.8,124.5937137,9.171225531,0.69
29.85,124.4089922,8.934866496,0.69
29.9,124.2135309,8.707281676,0.69
29.95,124.0110381,8.48604294,0.69
30,123.8022885,8.270669186,0.69
30.05,123.58541,8.063392275,0.69
30.1,123.360546,7.864893324,0.69
30.15,123.1301208,7.672922928,0.69
30.2,122.8939243,7.487960145,0.69
30.25,122.6492137,7.314438982,0.69
30.3,122.3997066,7.148029245,0.69
30.35,122.1455017,6.988795132,0.69
30.4,121.8846672,6.840587957,0.69
30.45,121.6188841,6.701611631,0.69
30.5,121.3492363,6.570290924,0.69
30.55,121.0751009,6.448431237,0.69
30.6,120.7960291,6.338455861,0.69
30.65,120.5139735,6.236521325,0.69
30.7,120.2290444,6.142669001,0.69
30.75,119.9399659,6.062459172,0.69
30.8,119.6486756,5.99105638,0.69
30.85,119.3554349,5.928004927,0.69
30.9,119.0598737,5.876588842,0.69
30.95,118.7626246,5.836523547,0.69
31,118.464372,5.804975292,0.69
31.05,118.1651889,5.782850604,0.69
31.1,117.8653236,5.774579834,0.69
31.15,117.5654813,5.777039649,0.69
31.2,117.2657024,5.788556407,0.69
31.25,116.9659236,5.800073166,0.69
31.3,116.6661447,5.811589924,0.69
31.35,116.3663659,5.823106683,0.69
31.4,116.066587,5.834623442,0.69
31.45,115.7668081,5.8461402,0.69
31.5,115.4670293,5.857656959,0.69
31.55,115.1672504,5.869173717,0.69
31.6,114.8674544,5.880221836,0.69
31.65,114.5676356,5.890645379,0.69
31.7,114.2678167,5.901068921,0.69
31.75,113.9679978,5.911492463,0.69
31.8,113.668179,5.921916006,0.69
31.85,113.3683601,5.932339548,0.69
31.9,113.0685413,5.94276309,0.69
31.95,112.7687224,5.953186633,0.69
32,112.4689035,5.963610175,0.69
32.05,112.1690847,5.974033717,0.69
32.1,111.8691606,5.977372326,0.69
32.15,111.5691712,5.974853279,0.69
32.2,111.2691818,5.972334232,0.69
32.25,110.9691924,5.969815185,0.69
32.3,110.6692029,5.967296138,0.69
32.35,110.3692135,5.96477709,0.69
32.4,110.0692241,5.962258043,0.69
32.45,109.7692347,5.959738996,0.69
32.5,109.4692452,5.957219949,0.69
32.55,109.1692558,5.954700902,0.69
32.6,108.8692664,5.952181855,0.69
32.65,108.569277,5.949662808,0.69
32.7,108.2692875,5.94714376,0.69
32.75,107.9692981,5.944624713,0.69
32.8,107.6693087,5.942105666,0.69
32.85,107.3693193,5.939586619,0.69
32.9,107.0693298,5.937067572,0.69
32.95,106.7693404,5.934548525,0.69
33,106.469351,5.932029478,0.69
33.05,106.1693616,5.92951043,0.69
33.1,105.8693722,5.926991383,0.69
33.15,105.5693827,5.924472336,0.69
33.2,105.2693933,5.921953289,0.69
33.25,104.9694039,5.919434242,0.69
33.3,104.6694145,5.916915195,0.69
33.35,104.369425,5.914396147,0.69
33.4,104.0694356,5.9118771,0.69
33.45,103.7694462,5.909358053,0.69
33.5,103.4694568,5.906839006,0.69
33.55,103.1694673,5.904319959,0.69
33.6,102.8694779,5.901800912,0.69
33.65,102.5694885,5.899281865,0.69
33.7,102.2694991,5.896762817,0.69
33.75,101.9695096,5.89424377,0.69
33.8,101.6695202,5.891724723,0.69
33.85,101.3695308,5.889205676,0.69
33.9,101.0695414,5.886686629,0.69
33.95,100.7695519,5.884167582,0.69
34,100.4695625,5.881648535,0.69
34.05,100.1695731,5.879129487,0.69
34.1,99.86958368,5.87661044,0.69
34.15,99.56959425,5.874091393,0.69
34.2,99.26960483,5.871572346,0.69
34.25,98.9696154,5.869053299,0.69
34.3,98.66962598,5.866534252,0.69
34.35,98.36963656,5.864015205,0.69
34.4,98.06964713,5.861496157,0.69
34.45,97.76965771,5.85897711,0.69
34.5,97.46966828,5.856458063,0.69
34.55,97.16967886,5.853939016,0.69
34.6,96.86968944,5.851419969,0.69
34.65,96.56970001,5.848900922,0.69
34.7,96.26971059,5.846381874,0.69
34.75,95.96972117,5.843862827,0.69
34.8,95.66973174,5.84134378,0.69
34.85,95.36974232,5.838824733,0.69
34.9,95.06975289,5.836305686,0.69
34.95,94.76976347,5.833786639,0.69
35,94.46977405,5.831267592,0.69
35.05,94.16978462,5.828748544,0.69
35.1,93.8697952,5.826229497,0.69
35.15,93.56980578,5.82371045,0.69
35.2,93.26981635,5.821191403,0.69
35.25,92.96982693,5.818672356,0.69
35.3,92.6698375,5.816153309,0.69
35.35,92.36984808,5.813634262,0.69
35.4,92.06985866,5.811115214,0.69
35.45,91.76986923,5.808596167,0.69
35.5,91.46987981,5.80607712,0.69
35.55,91.16989038,5.803558073,0.69
35.6,90.86990096,5.801039026,0.69
35.65,90.56991154,5.798519979,0.69
35.7,90.26992211,5.796000932,0.69
35.75,89.96993269,5.793481884,0.69
35.8,89.66994327,5.790962837,0.69
35.85,89.36995384,5.78844379,0.69
35.9,89.06996442,5.785924743,0.69
35.95,88.76997499,5.783405696,0.69
36,88.46998557,5.780886649,0.69
36.05,88.16999615,5.778367601,0.69
36.1,87.87000672,5.775848554,0.69
36.15,87.5700173,5.773329507,0.69
36.2,87.27002787,5.77081046,0.69
36.25,86.97003845,5.768291413,0.69
36.3,86.67004903,5.765772366,0.69
36.35,86.3700596,5.763253319,0.69
36.4,86.07007018,5.760734271,0.69
36.45,85.77008076,5.758215224,0.69
36.5,85.47009133,5.755696177,0.69
36.55,85.17010191,5.75317713,0.69
36.6,84.87011248,5.750658083,0.69
36.65,84.57012306,5.748139036,0.69
36.7,84.27013364,5.745619989,0.69
36.75,83.97014421,5.743100941,0.69
36.8,83.67015479,5.740581894,0.69
36.85,83.37016537,5.738062847,0.69
36.9,83.07017594,5.7355438,0.69
36.95,82.77018652,5.733024753,0.69
37,82.47019709,5.730505706,0.69
37.05,82.17020767,5.727986659,0.69
37.1,81.87021825,5.725467611,0.69
37.15,81.57022882,5.722948564,0.69
37.2,81.2702394,5.720429517,0.69
37.25,80.97024997,5.71791047,0.69
37.3,80.67026055,5.715391423,0.69
37.35,80.37027113,5.712872376,0.69
37.4,80.0702817,5.710353329,0.69
37.45,79.77029228,5.707834281,0.69
37.5,79.47030286,5.705315234,0.69
37.55,79.17031343,5.702796187,0.69
37.6,78.87032401,5.70027714,0.69
37.65,78.57033458,5.697758093,0.69
37.7,78.27034516,5.695239046,0.69
37.75,77.97035574,5.692719998,0.69
37.8,77.67036631,5.690200951,0.69
37.85,77.37037689,5.687681904,0.69
37.9,77.07038747,5.685162857,0.69
37.95,76.77039804,5.68264381,0.69
38,76.47040862,5.680124763,0.69
38.05,76.17041919,5.677605716,0.69
38.1,75.87042977,5.675086668,0.69
38.15,75.57044035,5.672567621,0.69
38.2,75.27045092,5.670048574,0.69
38.25,74.9704615,5.667529527,0.69
38.3,74.67047207,5.66501048,0.69
38.35,74.37048265,5.662491433,0.69
38.4,74.07049323,5.659972386,0.69
38.45,73.7705038,5.657453338,0.69
38.5,73.47051438,5.654934291,0.69
38.55,73.17052496,5.652415244,0.69
38.6,72.87053553,5.649896197,0.69
38.65,72.57054611,5.64737715,0.69
38.7,72.27055668,5.644858103,0.69
38.75,71.97056726,5.642339056,0.69
38.8,71.67057784,5.639820008,0.69
38.85,71.37058841,5.637300961,0.69
38.9,71.07059899,5.634781914,0.69
38.95,70.77060957,5.632262867,0.69
39,70.47062014,5.62974382,0.69
39.05,70.17063072,5.627224773,0.69
39.1,69.87064129,5.624705725,0.69
39.15,69.57065187,5.622186678,0.69
39.2,69.27066245,5.619667631,0.69
39.25,68.97067302,5.617148584,0.69
39.3,68.6706836,5.614629537,0.69
39.35,68.37069417,5.61211049,0.69
39.4,68.07070475,5.609591443,0.69
39.45,67.77071533,5.607072395,0.69
39.5,67.4707259,5.604553348,0.69
39.55,67.17073648,5.602034301,0.69
39.6,66.87074706,5.599515254,0.69
39.65,66.57075763,5.596996207,0.69
39.7,66.27076821,5.59447716,0.69
39.75,65.97077878,5.591958113,0.69
39.8,65.67078936,5.589439065,0.69
39.85,65.37079994,5.586920018,0.69
39.9,65.07081051,5.584400971,0.69
39.95,64.77082109,5.581881924,0.69
40,64.47083166,5.579362877,0.69
40.05,64.17084224,5.57684383,0.69
40.1,63.87085282,5.574324783,0.69
40.15,63.57086339,5.571805735,0.69
40.2,63.27087397,5.569286688,0.69
40.25,62.97088455,5.566767641,0.69
40.3,62.67089512,5.564248594,0.69
40.35,62.3709057,5.561729547,0.69
40.4,62.07091627,5.5592105,0.69
40.45,61.77092685,5.556691452,0.69
40.5,61.47093743,5.554172405,0.69
40.55,61.170948,5.551653358,0.69
40.6,60.87095858,5.549134311,0.69
40.65,60.57096916,5.546615264,0.69
40.7,60.27097973,5.544096217,0.69
40.75,59.97099031,5.54157717,0.69
40.8,59.67100088,5.539058122,0.69
40.85,59.37101146,5.536539075,0.69
40.9,59.07102204,5.534020028,0.69
40.95,58.77103261,5.531500981,0.69
41,58.47104319,5.528981934,0.69
41.05,58.17105376,5.526462887,0.69
41.1,57.87106434,5.52394384,0.69
41.15,57.57107492,5.521424792,0.69
41.2,57.27108549,5.518905745,0.69
41.25,56.97109607,5.516386698,0.69
41.3,56.67110665,5.513867651,0.69
41.35,56.37111722,5.511348604,0.69
41.4,56.0711278,5.508829557,0.69
41.45,55.77113837,5.50631051,0.69
41.5,55.47114895,5.503791462,0.69
41.55,55.17115953,5.501272415,0.69
41.6,54.8711701,5.498753368,0.69
41.65,54.57118068,5.496234321,0.69
41.7,54.27119126,5.493715274,0.69
41.75,53.97120183,5.491196227,0.69
41.8,53.67121241,5.488677179,0.69
41.85,53.37122298,5.486158132,0.69
41.9,53.07123356,5.483639085,0.69
41.95,52.77124414,5.481120038,0.69
42,52.47125471,5.478600991,0.69
42.05,52.17126529,5.476081944,0.69
42.1,51.87127586,5.473562897,0.69
42.15,51.57128644,5.471043849,0.69
42.2,51.27129702,5.468524802,0.69
42.25,50.97130759,5.466005755,0.69
42.3,50.67131817,5.463486708,0.69
42.35,50.37132875,5.460967661,0.69
42.4,50.07133932,5.458448614,0.69
42.45,49.7713499,5.455929567,0.69
42.5,49.47136047,5.453410519,0.69
42.55,49.17137105,5.450891472,0.69
42.6,48.87138163,5.448372425,0.69
42.65,48.5713922,5.445853378,0.69
42.7,48.27140278,5.443334331,0.69
42.75,47.97141335,5.440815284,0.69
42.8,47.67142393,5.438296237,0.69
42.85,47.37143451,5.435777189,0.69
42.9,47.07144508,5.433258142,0.69
42.95,46.77145566,5.430739095,0.69
43,46.47146624,5.428220048,0.69
43.05,46.17147681,5.425701001,0.69
43.1,45.87148739,5.423181954,0.69
43.15,45.57149796,5.420662906,0.69
43.2,45.27150854,5.418143859,0.69
43.25,44.97151912,5.415624812,0.69
43.3,44.67152969,5.413105765,0.69
43.35,44.37154027,5.410586718,0.69
43.4,44.07155085,5.408067671,0.69
43.45,43.77156142,5.405548624,0.69
43.5,43.471572,5.403029576,0.69
43.55,43.17158257,5.400510529,0.69
43.6,42.87159315,5.397991482,0.69
43.65,42.57160373,5.395472435,0.69
43.7,42.2716143,5.392953388,0.69
43.75,41.97162488,5.390434341,0.69
43.8,41.67163545,5.387915294,0.69
43.85,41.37164603,5.385396246,0.69
43.9,41.07165661,5.382877199,0.69
43.95,40.77166718,5.380358152,0.69
44,40.47167776,5.377839105,0.69
44.05,40.17168834,5.375320058,0.69
44.1,39.87169891,5.372801011,0.69
44.15,39.57170949,5.370281964,0.69
44.2,39.27172006,5.367762916,0.69
44.25,38.97173064,5.365243869,0.69
44.3,38.67174122,5.362724822,0.69
44.35,38.37175179,5.360205775,0.69
44.4,38.07176237,5.357686728,0.69
44.45,37.77177295,5.355167681,0.69
44.5,37.47178352,5.352648633,0.69
44.55,37.1717941,5.350129586,0.69
44.6,36.87180467,5.347610539,0.69
44.65,36.57183636,5.351848793,0.69
44.7,36.27187611,5.356731969,0.69
44.75,35.97248501,5.375505239,0.69
44.8,35.67313083,5.395179437,0.69
44.85,35.37506529,5.429085142,0.69
44.9,35.07704608,5.463502458,0.69
44.95,34.78107,5.512454587,0.69
45,34.48516069,5.561788801,0.69
45.05,34.19198335,5.625405249,0.69
45.1,33.89895954,5.689653548,0.69
45.15,33.60927733,5.767654913,0.69
45.2,33.3198897,5.84665182,0.69
45.25,33.03440795,5.938848177,0.69
45.3,32.74939784,6.03239048,0.69
45.35,32.46881168,6.138557338,0.69
45.4,32.18890919,6.246404612,0.69
45.45,31.91390181,6.366283466,0.69
45.5,31.63982394,6.488158687,0.69
45.55,31.37106496,6.621457642,0.69
45.6,31.10351375,6.757047899,0.69
45.65,30.84165758,6.903442385,0.69
45.7,30.58131836,7.052399679,0.69
45.75,30.32700259,7.211533238,0.69
45.8,30.07454221,7.373475375,0.69
45.85,29.82838608,7.544960532,0.69
45.9,29.58445118,7.719472098,0.69
45.95,29.34705406,7.902891304,0.69
46,29.11226947,8.089524731,0.69
46.05,28.88420939,8.284431376,0.69
46.1,28.65917649,8.482708086,0.69
46.15,28.44100876,8.68862759,0.69
46.2,28.22630395,8.898039219,0.69
46.25,28.01855979,9.114470187,0.69
46.3,27.81473305,9.334479885,0.69
46.35,27.6179183,9.560895328,0.69
46.4,27.42549174,9.790939129,0.69
46.45,27.24008562,10.02678775,0.69
46.5,27.05955218,10.26627602,0.69
46.55,26.88600613,10.51098354,0.69
46.6,26.71782829,10.75930248,0.69
46.65,26.5565649,11.01227307,0.69
46.7,26.40117352,11.26878628,0.69
46.75,26.25258544,11.52940398,0.69
46.8,26.11037867,11.79345411,0.69
46.85,25.97482769,12.06108433,0.69
46.9,25.84616991,12.33199473,0.69
46.95,25.7239861,12.60598581,0.69
47,25.60920704,12.88306228,0.69
47.05,25.50068789,13.16274709,0.69
47.1,25.40008174,13.44527962,0.69
47.15,25.30549149,13.72997716,0.69
47.2,25.21931619,14.01724181,0.69
47.25,25.13888516,14.30625885,0.69
47.3,25.06736169,14.59751954,0.69
47.35,25.00128573,14.89015236,0.69
47.4,24.9445976,15.18466278,0.69
47.45,24.89303759,15.48019885,0.69
47.5,24.85133034,15.77720436,0.69
47.55,24.81441182,16.07492406,0.69
47.6,24.78779265,16.37366362,0.69
47.65,24.76560552,16.67284205,0.69
47.7,24.75414302,16.97255017,0.69
47.75,24.7467413,17.27245884,0.69
47.8,24.7467947,17.57242629,0.69
47.85,24.74931652,17.87241569,0.69
47.9,24.75183834,18.17240509,0.69
47.95,24.75436016,18.47239449,0.69
48,24.75688198,18.77238389,0.69
48.05,24.7594038,19.07237329,0.69
48.1,24.76192562,19.37236269,0.69
48.15,24.76444744,19.67235209,0.69
48.2,24.76696927,19.97234149,0.69
48.25,24.76949109,20.27233089,0.69
48.3,24.77201291,20.57232029,0.69
48.35,24.77453473,20.87230969,0.69
48.4,24.77705655,21.17229909,0.69
48.45,24.77957471,21.47228852,0.69
48.5,24.78202357,21.77227853,0.69
48.55,24.78447243,22.07226853,0.69
48.6,24.78692129,22.37225854,0.69
48.65,24.78937014,22.67224854,0.69
48.7,24.791819,22.97223855,0.69
48.75,24.79426786,23.27222855,0.69
48.8,24.79671672,23.57221856,0.69
48.85,24.79916557,23.87220856,0.69
48.9,24.80161443,24.17219857,0.69
48.95,24.80406329,24.47218857,0.69
49,24.80651215,24.77217858,0.69
49.05,24.808961,25.07216858,0.69
49.1,24.81140986,25.37215859,0.69
49.15,24.81385872,25.67214859,0.69
49.2,24.81420939,25.97214716,0.69
49.25,24.81420939,26.27214716,0.69
49.3,24.81420939,26.57214716,0.69
49.35,24.81420939,26.87214716,0.69
49.4,24.81420939,27.17214716,0.69
49.45,24.81420939,27.47214716,0.69
49.5,24.81420939,27.77214716,0.69
49.55,24.81420939,28.07214716,0.69
49.6,24.81420938,28.37214716,0.69
49.65,24.81420938,28.67214716,0.69
49.7,24.81420938,28.97214716,0.69
49.75,24.81420938,29.27214716,0.69
49.8,24.81420938,29.57214716,0.69
49.85,24.81420938,29.87214716,0.69
49.9,24.81420938,30.17214716,0.69
49.95,24.81420938,30.47214716,0.69
50,24.81420938,30.77214716,0.69
50.05,24.81420938,31.07214716,0.69
50.1,24.81420938,31.37214716,0.69
50.15,24.81420938,31.67214716,0.69
50.2,24.81420938,31.97214716,0.69
50.25,24.81420938,32.27214716,0.69
50.3,24.81420938,32.57214716,0.69
50.35,24.81420938,32.87214716,0.69
50.4,24.81420938,33.17214716,0.69
50.45,24.81420938,33.47214716,0.69
50.5,24.81420938,33.77214716,0.69
50.55,24.81420938,34.07214716,0.69
50.6,24.81420938,34.37214716,0.69
50.65,24.81420938,34.67214716,0.69
50.7,24.81420938,34.97214716,0.69
50.75,24.81420938,35.27214716,0.69
50.8,24.81420938,35.57214716,0.69
50.85,24.81420938,35.87214716,0.69
50.9,24.81420938,36.17214716,0.69
50.95,24.81420938,36.47214716,0.69
51,24.81420938,36.77214716,0.69
51.05,24.81420938,37.07214716,0.69
51.1,24.81420938,37.37214716,0.69
51.15,24.81420938,37.67214716,0.69
51.2,24.81420938,37.97214716,0.69
51.25,24.81420938,38.27214716,0.69
51.3,24.81420938,38.57214716,0.69
51.35,24.81420938,38.87214716,0.69
51.4,24.81420938,39.17214716,0.69
51.45,24.81420938,39.47214716,0.69
51.5,24.81420938,39.77214716,0.69
51.55,24.81420938,40.07214716,0.69
51.6,24.81420938,40.37214716,0.69
51.65,24.81420937,40.67214716,0.69
51.7,24.81420937,40.97214716,0.69
51.75,24.81420937,41.27214716,0.69
51.8,24.81420937,41.57214716,0.69
51.85,24.81420937,41.87214716,0.69
51.9,24.81420937,42.17214716,0.69
51.95,24.81420937,42.47214716,0.69
52,24.81420937,42.77214716,0.69
52.05,24.81420937,43.07214716,0.69
52.1,24.81420937,43.37214716,0.69
52.15,24.81420937,43.67214716,0.69
52.2,24.81420937,43.97214716,0.69
52.25,24.81420937,44.27214716,0.69
52.3,24.81420937,44.57214716,0.69
52.35,24.81420937,44.87214716,0.69
52.4,24.81420937,45.17214716,0.69
52.45,24.81420937,45.47214716,0.69
52.5,24.81420937,45.77214716,0.69
52.55,24.81420937,46.07214716,0.69
52.6,24.81420937,46.37214716,0.69
52.65,24.81420937,46.67214716,0.69
52.7,24.81420937,46.97214716,0.69
52.75,24.81420937,47.27214716,0.69
52.8,24.81420937,47.57214716,0.69
52.85,24.81420937,47.87214716,0.69
52.9,24.81420937,48.17214716,0.69
52.95,24.81420937,48.47214716,0.69
53,24.81420937,48.77214716,0.69
53.05,24.81420937,49.07214716,0.69
53.1,24.81420937,49.37214716,0.69
53.15,24.81420937,49.67214716,0.69
53.2,24.81420937,49.97214716,0.69
53.25,24.81420937,50.27214716,0.69
53.3,24.81420937,50.57214716,0.69
53.35,24.81420937,50.87214716,0.69
53.4,24.81420937,51.17214716,0.69
53.45,24.81420937,51.47214716,0.69
53.5,24.81420937,51.77214716,0.69
53.55,24.81420937,52.07214716,0.69
53.6,24.81420937,52.37214716,0.69
53.65,24.81420937,52.67214716,0.69
53.7,24.81420936,52.97214716,0.69
53.75,24.81420936,53.27214716,0.69
53.8,24.81420936,53.57214716,0.69
53.85,24.81420936,53.87214716,0.69
53.9,24.81420936,54.17214716,0.69
53.95,24.81420936,54.47214716,0.69
54,24.81420936,54.77214716,0.69
54.05,24.81420936,55.07214716,0.69
54.1,24.81420936,55.37214716,0.69
54.15,24.81420936,55.67214716,0.69
54.2,24.81420936,55.97214716,0.69
54.25,24.81420936,56.27214716,0.69
54.3,24.81420936,56.57214716,0.69
54.35,24.81420936,56.87214716,0.69
54.4,24.81420936,57.17214716,0.69
54.45,24.81420936,57.47214716,0.69
54.5,24.81420936,57.77214716,0.69
54.55,24.81420936,58.07214716,0.69
54.6,24.81420936,58.37214716,0.69
54.65,24.81420936,58.67214716,0.69
54.7,24.81420936,58.97214716,0.69
54.75,24.81420936,59.27214716,0.69
54.8,24.81420936,59.57214716,0.69
54.85,24.81420936,59.87214716,0.69
54.9,24.81420936,60.17214716,0.69
54.95,24.81420936,60.47214716,0.69
55,24.81420936,60.77214716,0.69
55.05,24.81420936,61.07214716,0.69
55.1,24.81420936,61.37214716,0.69
55.15,24.81420936,61.67214716,0.69
55.2,24.81420936,61.97214716,0.69
55.25,24.81420936,62.27214716,0.69
55.3,24.81420936,62.57214716,0.69
55.35,24.81420936,62.87214716,0.69
55.4,24.81420936,63.17214716,0.69
55.45,24.81420936,63.47214716,0.69
55.5,24.81420936,63.77214716,0.69
55.55,24.81420936,64.07214716,0.69
55.6,24.81420936,64.37214716,0.69
55.65,24.81420936,64.67214716,0.69
55.7,24.81420936,64.97214716,0.69
55.75,24.81420936,65.27214716,0.69
55.8,24.81420935,65.57214716,0.69
55.85,24.81420935,65.87214716,0.69
55.9,24.81420935,66.17214716,0.69
55.95,24.81420935,66.47214716,0.69
56,24.81420935,66.77214716,0.69
56.05,24.81420935,67.07214716,0.69
56.1,24.81420935,67.37214716,0.69
56.15,24.81420935,67.67214716,0.69
56.2,24.81420935,67.97214716,0.69
56.25,24.81420935,68.27214716,0.69
56.3,24.81420935,68.57214716,0.69
56.35,24.81420935,68.87214716,0.69
56.4,24.81420935,69.17214716,0.69
56.45,24.81420935,69.47214716,0.69
56.5,24.81420935,69.77214716,0.69
56.55,24.81420935,70.07214716,0.69
56.6,24.81420935,70.37214716,0.69
56.65,24.81420935,70.67214716,0.69
56.7,24.81420935,70.97214716,0.69
56.75,24.81420935,71.27214716,0.69
56.8,24.81420935,71.57214716,0.69
56.85,24.81420935,71.87214716,0.69
56.9,24.81420935,72.17214716,0.69
56.95,24.81420935,72.47214716,0.69
57,24.81420935,72.77214716,0.69
57.05,24.81420935,73.07214716,0.69
57.1,24.81420935,73.37214716,0.69
57.15,24.81420935,73.67214716,0.69
57.2,24.81420935,73.97214716,0.69
57.25,24.81420935,74.27214716,0.69
57.3,24.81420935,74.57214716,0.69
57.35,24.81420935,74.87214716,0.69
57.4,24.81420935,75.17214716,0.69
57.45,24.81420935,75.47214716,0.69
57.5,24.81420935,75.77214716,0.69
57.55,24.81420935,76.07214716,0.69
57.6,24.81420935,76.37214716,0.69
57.65,24.81420935,76.67214716,0.69
57.7,24.81420935,76.97214716,0.69
57.75,24.81420935,77.27214716,0.69
57.8,24.81420935,77.57214716,0.69
57.85,24.81420934,77.87214716,0.69
57.9,24.81420934,78.17214716,0.69
57.95,24.81420934,78.47214716,0.69
58,24.81420934,78.77214716,0.69
58.05,24.81420934,79.07214716,0.69
58.1,24.81420934,79.37214716,0.69
58.15,24.81420934,79.67214716,0.69
58.2,24.81420934,79.97214716,0.69
58.25,24.81420934,80.27214716,0.69
58.3,24.81420934,80.57214716,0.69
58.35,24.81420934,80.87214716,0.69
58.4,24.81420934,81.17214716,0.69
58.45,24.81420934,81.47214716,0.69
58.5,24.81420934,81.77214716,0.69
58.55,24.81420934,82.07214716,0.69
58.6,24.81420934,82.37214716,0.69
58.65,24.81420934,82.67214716,0.69
58.7,24.81420934,82.97214716,0.69
58.75,24.81420934,83.27214716,0.69
58.8,24.81420934,83.57214716,0.69
58.85,24.81420934,83.87214716,0.69
58.9,24.81420934,84.17214716,0.69
58.95,24.81420934,84.47214716,0.69
59,24.81420934,84.77214716,0.69
59.05,24.81420934,85.07214716,0.69
59.1,24.81420934,85.37214716,0.69
59.15,24.81420934,85.67214716,0.69
59.2,24.81420934,85.97214716,0.69
59.25,24.81420934,86.27214716,0.69
59.3,24.81420934,86.57214716,0.69
59.35,24.81420934,86.87214716,0.69
59.4,24.81420934,87.17214716,0.69
59.45,24.81420934,87.47214716,0.69
59.5,24.81420934,87.77214716,0.69
59.55,24.81420934,88.07214716,0.69
59.6,24.81420934,88.37214716,0.69
59.65,24.81420934,88.67214716,0.69
59.7,24.81420934,88.97214716,0.69
59.75,24.81420934,89.27214716,0.69
59.8,24.81420934,89.57214716,0.69
59.85,24.81420934,89.87214716,0.69
59.9,24.81420933,90.17214716,0.69
59.95,24.81420933,90.47214716,0.69
60,24.81560908,90.77212999,0.69
60.05,24.82297108,91.07203964,0.69
60.1,24.83033308,91.3719493,0.69
60.15,24.84611486,91.67144533,0.69
60.2,24.86818313,91.97063255,0.69
60.25,24.8902514,92.26981977,0.69
60.3,24.92631236,92.5676289,0.69
60.35,24.96303374,92.86537298,0.69
60.4,25.00466821,93.16238832,0.69
60.45,25.05595424,93.45797205,0.69
60.5,25.10724027,93.75355578,0.69
60.55,25.16891999,94.04707219,0.69
60.6,25.23464713,94.33978355,0.69
60.65,25.30183296,94.63212955,0.69
60.7,25.38184289,94.92126345,0.69
60.75,25.46185282,95.21039735,0.69
60.8,25.54868978,95.4974604,0.69
60.85,25.64278977,95.78232035,0.69
60.9,25.73688975,96.06718031,0.69
60.95,25.84300829,96.34774019,0.69
61,25.95097166,96.62764001,0.69
61.05,26.0623267,96.90613503,0.69
61.1,26.18389338,97.18040049,0.69
61.15,26.30546007,97.45466595,0.69
61.2,26.43543534,97.72495467,0.69
61.25,26.5703125,97.9929251,0.69
61.3,26.7053731,98.26079748,0.69
61.35,26.85323584,98.52182738,0.69
61.4,27.00109859,98.78285728,0.69
61.45,27.15396921,99.04088576,0.69
61.5,27.31446136,99.29434635,0.69
61.55,27.47495351,99.54780694,0.69
61.6,27.64498188,99.79489603,0.69
61.65,27.81771683,100.0401768,0.69
61.7,27.99235972,100.2840426,0.69
61.75,28.17692138,100.5205526,0.69
61.8,28.36148303,100.7570626,0.69
61.85,28.55223343,100.988494,0.69
61.9,28.74817721,101.2156637,0.69
61.95,28.944121,101.4428333,0.69
62,29.15016892,101.6608457,0.69
62.05,29.35702283,101.8781277,0.69
62.1,29.56708904,102.0921976,0.69
62.15,29.78435481,102.2990686,0.69
62.2,30.00162057,102.5059395,0.69
62.25,30.22571852,102.7052729,0.69
62.3,30.45287278,102.9012345,0.69
62.35,30.68071196,103.0963616,0.69
62.4,30.91720752,103.2809418,0.69
62.45,31.15370309,103.465522,0.69
62.5,31.39419608,103.6447128,0.69
62.55,31.63946327,103.817467,0.69
62.6,31.88473047,103.9902211,0.69
62.65,32.13685418,104.1527149,0.69
62.7,32.39030219,104.3132269,0.69
62.75,32.64541961,104.470954,0.69
62.8,32.90643792,104.6188372,0.69
62.85,33.16745623,104.7667204,0.69
62.9,33.43265974,104.9067747,0.69
62.95,33.7006196,105.0416728,0.69
63,33.96857946,105.176571,0.69
63.05,34.24274296,105.2983546,0.69
63.1,34.51699889,105.4199427,0.69
63.15,34.79332708,105.5365289,0.69
63.2,35.07321844,105.6445142,0.69
63.25,35.3531098,105.7524995,0.69
63.3,35.63672266,105.8500859,0.69
63.35,35.92157524,105.9442082,0.69
63.4,36.20699434,106.0364634,0.69
63.45,36.49612196,106.116496,0.69
63.5,36.78524959,106.1965286,0.69
63.55,37.07621989,106.2692068,0.69
63.6,37.36892611,106.3349569,0.69
63.65,37.66163232,106.400707,0.69
63.7,37.95691697,106.453499,0.69
63.75,38.25249668,106.5048082,0.69
63.8,38.548681,106.5520435,0.69
63.85,38.84642221,106.5887882,0.69
63.9,39.14416342,106.6255329,0.69
63.95,39.4428609,106.6525756,0.69
64,39.74204639,106.6746673,0.69
64.05,40.04126409,106.6961044,0.69
64.1,40.34117317,106.7034899,0.69
64.15,40.64108224,106.7108754,0.69
