0,36.8793,1.3475,0.4784
0.05,37.17928942,1.350019056,0.4784
0.1,37.47927885,1.352538113,0.4784
0.15,37.77926827,1.355057169,0.4784
0.2,38.07925769,1.357576226,0.4784
0.25,38.37924712,1.360095282,0.4784
0.3,38.67923654,1.362614339,0.4784
0.35,38.97922597,1.365133395,0.4784
0.4,39.27921539,1.367652452,0.4784
0.45,39.57920481,1.370171508,0.4784
0.5,39.87919424,1.372690565,0.4784
0.55,40.17918366,1.375209621,0.4784
0.6,40.47917308,1.377728678,0.4784
0.65,40.77916251,1.380247734,0.4784
0.7,41.07915193,1.382766791,0.4784
0.75,41.37914136,1.385285847,0.4784
0.8,41.67913078,1.387804903,0.4784
0.85,41.9791202,1.39032396,0.4784
0.9,42.27910963,1.392843016,0.4784
0.95,42.57909905,1.395362073,0.4784
1,42.87908847,1.397881129,0.4784
1.05,43.1790779,1.400400186,0.4784
1.1,43.47906732,1.402919242,0.4784
1.15,43.77905675,1.405438299,0.4784
1.2,44.07904617,1.407957355,0.4784
1.25,44.37903559,1.410476412,0.4784
1.3,44.67902502,1.412995468,0.4784
1.35,44.97901444,1.415514525,0.4784
1.4,45.27900386,1.418033581,0.4784
1.45,45.57899329,1.420552638,0.4784
1.5,45.87898271,1.423071694,0.4784
1.55,46.17897214,1.42559075,0.4784
1.6,46.47896156,1.428109807,0.4784
1.65,46.77895098,1.430628863,0.4784
1.7,47.07894041,1.43314792,0.4784
1.75,47.37892983,1.435666976,0.4784
1.8,47.67891925,1.438186033,0.4784
1.85,47.97890868,1.440705089,0.4784
1.9,48.2788981,1.443224146,0.4784
1.95,48.57888753,1.445743202,0.4784
2,48.87887695,1.448262259,0.4784
2.05,49.17886637,1.450781315,0.4784
2.1,49.4788558,1.453300372,0.4784
2.15,49.77884522,1.455819428,0.4784
2.2,50.07883464,1.458338485,0.4784
2.25,50.37882407,1.460857541,0.4784
2.3,50.67881349,1.463376597,0.4784
2.35,50.97880292,1.465895654,0.4784
2.4,51.27879234,1.46841471,0.4784
2.45,51.57878176,1.470933767,0.4784
2.5,51.87877119,1.473452823,0.4784
2.55,52.17876061,1.47597188,0.4784
2.6,52.47875003,1.478490936,0.4784
2.65,52.77873946,1.481009993,0.4784
2.7,53.07872888,1.483529049,0.4784
2.75,53.37871831,1.486048106,0.4784
2.8,53.67870773,1.488567162,0.4784
2.85,53.97869715,1.491086219,0.4784
2.9,54.27868209,1.493605237,0.4784
2.95,54.57867152,1.496124294,0.4784
3,54.87866094,1.49864335,0.4784
3.05,55.17865037,1.501162407,0.4784
3.1,55.47863979,1.503681463,0.4784
3.15,55.77862921,1.50620052,0.4784
3.2,56.07861864,1.508719576,0.4784
3.25,56.37860806,1.511238633,0.4784
3.3,56.67859748,1.513757689,0.4784
3.35,56.97858691,1.516276746,0.4784
3.4,57.27857633,1.518795802,0.4784
3.45,57.57856576,1.521314859,0.4784
3.5,57.87855518,1.523833915,0.4784
3.55,58.1785446,1.526352971,0.4784
3.6,58.47853403,1.528872028,0.4784
3.65,58.77852345,1.531391084,0.4784
3.7,59.07851287,1.533910141,0.4784
3.75,59.3785023,1.536429197,0.4784
3.8,59.67849172,1.538948254,0.4784
3.85,59.97848114,1.54146731,0.4784
3.9,60.27847057,1.543986367,0.4784
3.95,60.57845999,1.546505423,0.4784
4,60.87844942,1.54902448,0.4784
4.05,61.17843884,1.551543536,0.4784
4.1,61.47842826,1.554062593,0.4784
4.15,61.77841769,1.556581649,0.4784
4.2,62.07840711,1.559100706,0.4784
4.25,62.37839653,1.561619762,0.4784
4.3,62.67838596,1.564138818,0.4784
4.35,62.97837538,1.566657875,0.4784
4.4,63.27836481,1.569176931,0.4784
4.45,63.57835423,1.571695988,0.4784
4.5,63.87834365,1.574215044,0.4784
4.55,64.17833308,1.576734101,0.4784
4.6,64.4783225,1.579253157,0.4784
4.65,64.77831192,1.581772214,0.4784
4.7,65.07830135,1.58429127,0.4784
4.75,65.37829077,1.586810327,0.4784
4.8,65.6782802,1.589329383,0.4784
4.85,65.97826962,1.59184844,0.4784
4.9,66.27825904,1.594367496,0.4784
4.95,66.57824847,1.596886553,0.4784
5,66.87823789,1.599405609,0.4784
5.05,67.17822731,1.601924665,0.4784
5.1,67.47821674,1.604443722,0.4784
5.15,67.77820616,1.606962778,0.4784
5.2,68.07819559,1.609481835,0.4784
5.25,68.37818501,1.612000891,0.4784
5.3,68.67817443,1.614519948,0.4784
5.35,68.97816386,1.617039004,0.4784
5.4,69.27815328,1.619558061,0.4784
5.45,69.5781427,1.622077117,0.4784
5.5,69.87813213,1.624596174,0.4784
5.55,70.17812155,1.62711523,0.4784
5.6,70.47811098,1.629634287,0.4784
5.65,70.7781004,1.632153343,0.4784
5.7,71.07808982,1.6346724,0.4784
5.75,71.37807925,1.637191456,0.4784
5.8,71.67806867,1.639710512,0.4784
5.85,71.97805809,1.642229569,0.4784
5.9,72.27804752,1.644748625,0.4784
5.95,72.57803694,1.647267682,0.4784
6,72.87802637,1.649786738,0.4784
6.05,73.17801579,1.652305795,0.4784
6.1,73.47800521,1.654824851,0.4784
6.15,73.77799464,1.657343908,0.4784
6.2,74.07798406,1.659862964,0.4784
6.25,74.37797348,1.662382021,0.4784
6.3,74.67796291,1.664901077,0.4784
6.35,74.97795233,1.667420134,0.4784
6.4,75.27794176,1.66993919,0.4784
6.45,75.57793118,1.672458247,0.4784
6.5,75.8779206,1.674977303,0.4784
6.55,76.17791003,1.677496359,0.4784
6.6,76.47789945,1.680015416,0.4784
6.65,76.77788887,1.682534472,0.4784
6.7,77.0778783,1.685053529,0.4784
6.75,77.37786772,1.687572585,0.4784
6.8,77.67785715,1.690091642,0.4784
6.85,77.97784657,1.692610698,0.4784
6.9,78.27783599,1.695129755,0.4784
6.95,78.57782542,1.697648811,0.4784
7,78.87781484,1.700167868,0.4784
7.05,79.17780426,1.702686924,0.4784
7.1,79.47779369,1.705205981,0.4784
7.15,79.77778311,1.707725037,0.4784
7.2,80.07777254,1.710244094,0.4784
7.25,80.37776196,1.71276315,0.4784
7.3,80.67775138,1.715282206,0.4784
7.35,80.97774081,1.717801263,0.4784
7.4,81.27773023,1.720320319,0.4784
7.45,81.57771965,1.722839376,0.4784
7.5,81.87770908,1.725358432,0.4784
7.55,82.1776985,1.727877489,0.4784
7.6,82.47768793,1.730396545,0.4784
7.65,82.77767735,1.732915602,0.4784
7.7,83.07766677,1.735434658,0.4784
7.75,83.3776562,1.737953715,0.4784
7.8,83.67764562,1.740472771,0.4784
7.85,83.97763504,1.742991828,0.4784
7.9,84.27762447,1.745510884,0.4784
7.95,84.57761389,1.748029941,0.4784
8,84.87760332,1.750548997,0.4784
8.05,85.17759274,1.753068053,0.4784
8.1,85.47758216,1.75558711,0.4784
8.15,85.77757159,1.758106166,0.4784
8.2,86.07756101,1.760625223,0.4784
8.25,86.37755043,1.763144279,0.4784
8.3,86.67753986,1.765663336,0.4784
8.35,86.97752928,1.768182392,0.4784
8.4,87.27751871,1.770701449,0.4784
8.45,87.57750813,1.773220505,0.4784
8.5,87.87749755,1.775739562,0.4784
8.55,88.17748698,1.778258618,0.4784
8.6,88.4774764,1.780777675,0.4784
8.65,88.77746582,1.783296731,0.4784
8.7,89.07745525,1.785815788,0.4784
8.75,89.37744467,1.788334844,0.4784
8.8,89.67743409,1.7908539,0.4784
8.85,89.97742352,1.793372957,0.4784
8.9,90.27741294,1.795892013,0.4784
8.95,90.57740237,1.79841107,0.4784
9,90.87739179,1.800930126,0.4784
9.05,91.17738121,1.803449183,0.4784
9.1,91.47737064,1.805968239,0.4784
9.15,91.77736006,1.808487296,0.4784
9.2,92.07734948,1.811006352,0.4784
9.25,92.37733891,1.813525409,0.4784
9.3,92.67732833,1.816044465,0.4784
9.35,92.97731776,1.818563522,0.4784
9.4,93.27730718,1.821082578,0.4784
9.45,93.5772966,1.823601635,0.4784
9.5,93.87728603,1.826120691,0.4784
9.55,94.17727545,1.828639747,0.4784
9.6,94.47726487,1.831158804,0.4784
9.65,94.7772543,1.83367786,0.4784
9.7,95.07724372,1.836196917,0.4784
9.75,95.37723315,1.838715973,0.4784
9.8,95.67722257,1.84123503,0.4784
9.85,95.97721199,1.843754086,0.4784
9.9,96.27720142,1.846273143,0.4784
9.95,96.57719084,1.848792199,0.4784
10,96.87718026,1.851311256,0.4784
10.05,97.17716969,1.853830312,0.4784
10.1,97.47715911,1.856349369,0.4784
10.15,97.77714854,1.858868425,0.4784
10.2,98.07713796,1.861387482,0.4784
10.25,98.37712738,1.863906538,0.4784
10.3,98.67711681,1.866425594,0.4784
10.35,98.97710623,1.868944651,0.4784
10.4,99.27709565,1.871463707,0.4784
10.45,99.57708508,1.873982764,0.4784
10.5,99.8770745,1.87650182,0.4784
10.55,100.1770639,1.879020877,0.4784
10.6,100.4770533,1.881539933,0.4784
10.65,100.7770428,1.88405899,0.4784
10.7,101.0770322,1.886578046,0.4784
10.75,101.3770216,1.889097103,0.4784
10.8,101.677011,1.891616159,0.4784
10.85,101.9770005,1.894135216,0.4784
10.9,102.2769899,1.896654272,0.4784
10.95,102.5769793,1.899173329,0.4784
11,102.8769687,1.901692385,0.4784
11.05,103.1769582,1.904211441,0.4784
11.1,103.4769476,1.906730498,0.4784
11.15,103.776937,1.909249554,0.4784
11.2,104.0769264,1.911768611,0.4784
11.25,104.3769159,1.914287667,0.4784
11.3,104.6769053,1.916806724,0.4784
11.35,104.9768947,1.91932578,0.4784
11.4,105.2768841,1.921844837,0.4784
11.45,105.5768736,1.924363893,0.4784
11.5,105.876863,1.92688295,0.4784
11.55,106.1768524,1.929402006,0.4784
11.6,106.4768418,1.931921063,0.4784
11.65,106.7768312,1.934440119,0.4784
11.7,107.0768207,1.936959175,0.4784
11.75,107.3768101,1.939478232,0.4784
11.8,107.6767995,1.941997288,0.4784
11.85,107.9767889,1.944516345,0.4784
11.9,108.2767784,1.947035401,0.4784
11.95,108.5767678,1.949554458,0.4784
12,108.8767572,1.952073514,0.4784
12.05,109.1767466,1.954592571,0.4784
12.1,109.4767361,1.957111627,0.4784
12.15,109.7767255,1.959630684,0.4784
12.2,110.0767149,1.96214974,0.4784
12.25,110.3767043,1.964668797,0.4784
12.3,110.6766938,1.967187853,0.4784
12.35,110.9766832,1.96970691,0.4784
12.4,111.2766726,1.972225966,0.4784
12.45,111.576662,1.974745022,0.4784
12.5,111.8766515,1.977264079,0.4784
12.55,112.1765736,1.974915599,0.4784
12.6,112.4763787,1.964104509,0.4784
12.65,112.7761839,1.95329342,0.4784
12.7,113.075989,1.94248233,0.4784
12.75,113.3757941,1.93167124,0.4784
12.8,113.6755993,1.920860151,0.4784
12.85,113.9754044,1.910049061,0.4784
12.9,114.2752095,1.899237971,0.4784
12.95,114.5750147,1.888426882,0.4784
13,114.8748171,1.87754301,0.4784
13.05,115.1746073,1.866324969,0.4784
13.1,115.4743975,1.855106927,0.4784
13.15,115.7741877,1.843888886,0.4784
13.2,116.0739779,1.832670844,0.4784
13.25,116.3737681,1.821452803,0.4784
13.3,116.6735583,1.810234761,0.4784
13.35,116.9733484,1.79901672,0.4784
13.4,117.2731386,1.787798678,0.4784
13.45,117.5729288,1.776580637,0.4784
13.5,117.8727826,1.774736264,0.4784
13.55,118.1726918,1.782117126,0.4784
13.6,118.4722895,1.795824057,0.4784
13.65,118.7714725,1.817948754,0.4784
13.7,119.0701419,1.845275489,0.4784
13.75,119.3678744,1.882090453,0.4784
13.8,119.6650008,1.922981525,0.4784
13.85,119.9605619,1.974397619,0.4784
13.9,120.2555335,2.028770035,0.4784
13.95,120.5482076,2.09466277,0.4784
14,120.840417,2.162406171,0.4784
14.05,121.1294955,2.242616008,0.4784
14.1,121.4183407,2.323592886,0.4784
14.15,121.7031237,2.417925622,0.4784
14.2,121.9879066,2.512258358,0.4784
14.25,122.2678074,2.620198826,0.4784
14.3,122.5476053,2.728426062,0.4784
14.35,122.822282,2.848982636,0.4784
14.4,123.0964174,2.970842332,0.4784
14.45,123.3653054,3.103764875,0.4784
14.5,123.6331145,3.238961984,0.4784
14.55,123.8956613,3.383975311,0.4784
14.6,124.1564957,3.532182494,0.4784
14.65,124.4121614,3.688986929,0.4784
14.7,124.6653897,3.849845348,0.4784
14.75,124.9136485,4.018117322,0.4784
14.8,125.1586575,4.191237506,0.4784
14.85,125.3989989,4.370630207,0.4784
14.9,125.6351953,4.555592996,0.4784
14.95,125.8671246,4.745737061,0.4784
15,126.0939367,4.942094625,0.4784
15.05,126.3169764,5.142598873,0.4784
15.1,126.5338549,5.349875791,0.4784
15.15,126.7475455,5.560328011,0.4784
15.2,126.9539654,5.778022424,0.4784
15.25,127.1578663,5.997990189,0.4784
15.3,127.3533277,6.225575015,0.4784
15.35,127.5470183,6.454606543,0.4784
15.4,127.7310479,6.691530754,0.4784
15.45,127.914128,6.92915581,0.4784
15.5,128.0862804,7.174845766,0.4784
15.55,128.2583713,7.420576592,0.4784
15.6,128.4182296,7.674437428,0.4784
15.65,128.5780879,7.928298264,0.4784
15.7,128.7261521,8.189186783,0.4784
15.75,128.8733292,8.450603851,0.4784
15.8,129.009358,8.717941027,0.4784
15.85,129.1434977,8.986281385,0.4784
15.9,129.2672128,9.259516077,0.4784
15.95,129.3879902,9.534130019,0.4784
16,129.4991383,9.812699203,0.4784
16.05,129.6062611,10.09292183,0.4784
16.1,129.7046145,10.37625172,0.4784
16.15,129.7978231,10.66140457,0.4784
16.2,129.8831801,10.94891176,0.4784
16.25,129.962249,11.23830441,0.4784
16.3,130.034434,11.52939706,0.4784
16.35,130.0991717,11.82232883,0.4784
16.4,130.1580362,12.11640783,0.4784
16.45,130.208286,12.41216948,0.4784
16.5,130.2537082,12.70862962,0.4784
16.55,130.2893484,13.00650505,0.4784
16.6,130.321234,13.30473627,0.4784
16.65,130.3421784,13.60400426,0.4784
16.7,130.3604603,13.90339286,0.4784
16.75,130.3666581,14.20332883,0.4784
16.8,130.3734457,14.50325027,0.4784
16.85,130.3852129,14.80301941,0.4784
16.9,130.39698,15.10278854,0.4784
16.95,130.4087471,15.40255768,0.4784
17,130.4205143,15.70232681,0.4784
17.05,130.4322814,16.00209595,0.4784
17.1,130.4440485,16.30186508,0.4784
17.15,130.4558157,16.60163422,0.4784
17.2,130.4675828,16.90140335,0.4784
17.25,130.4793499,17.20117249,0.4784
17.3,130.4911171,17.50094162,0.4784
17.35,130.5028842,17.80071076,0.4784
17.4,130.5146513,18.10047989,0.4784
17.45,130.5264185,18.40024903,0.4784
17.5,130.5381856,18.70001817,0.4784
17.55,130.5499528,18.9997873,0.4784
17.6,130.5617199,19.29955644,0.4784
17.65,130.573487,19.59932557,0.4784
17.7,130.5852542,19.89909471,0.4784
17.75,130.5971669,20.19885805,0.4784
17.8,130.6092259,20.49861559,0.4784
17.85,130.6212849,20.79837313,0.4784
17.9,130.6333439,21.09813067,0.4784
17.95,130.6454029,21.3978882,0.4784
18,130.6574618,21.69764574,0.4784
18.05,130.6695208,21.99740328,0.4784
18.1,130.6815798,22.29716081,0.4784
18.15,130.6936388,22.59691835,0.4784
18.2,130.7056978,22.89667589,0.4784
18.25,130.7177567,23.19643342,0.4784
18.3,130.7298157,23.49619096,0.4784
18.35,130.7418747,23.7959485,0.4784
18.4,130.7539337,24.09570603,0.4784
18.45,130.7659927,24.39546357,0.4784
18.5,130.7780517,24.69522111,0.4784
18.55,130.7901106,24.99497865,0.4784
18.6,130.8021696,25.29473618,0.4784
18.65,130.8142286,25.59449372,0.4784
18.7,130.8193454,25.89438263,0.4784
18.75,130.8193219,26.19438263,0.4784
18.8,130.8192984,26.49438263,0.4784
18.85,130.8192748,26.79438263,0.4784
18.9,130.8192513,27.09438263,0.4784
18.95,130.8192278,27.39438263,0.4784
19,130.8192043,27.69438263,0.4784
19.05,130.8191808,27.99438263,0.4784
19.1,130.8191572,28.29438263,0.4784
19.15,130.8191337,28.59438262,0.4784
19.2,130.8191102,28.89438262,0.4784
19.25,130.8190867,29.19438262,0.4784
19.3,130.8190631,29.49438262,0.4784
19.35,130.8190396,29.79438262,0.4784
19.4,130.8190161,30.09438262,0.4784
19.45,130.8189926,30.39438262,0.4784
19.5,130.8189691,30.69438262,0.4784
19.55,130.8189455,30.99438262,0.4784
19.6,130.818922,31.29438262,0.4784
19.65,130.8188985,31.59438261,0.4784
19.7,130.818875,31.89438261,0.4784
19.75,130.8188514,32.19438261,0.4784
19.8,130.8188279,32.49438261,0.4784
19.85,130.8188044,32.79438261,0.4784
19.9,130.8187809,33.09438261,0.4784
19.95,130.8187574,33.39438261,0.4784
20,130.8187338,33.69438261,0.4784
20.05,130.8187103,33.99438261,0.4784
20.1,130.8186868,34.29438261,0.4784
20.15,130.8186633,34.59438261,0.4784
20.2,130.8186397,34.8943826,0.4784
20.25,130.8186162,35.1943826,0.4784
20.3,130.8185927,35.4943826,0.4784
20.35,130.8185692,35.7943826,0.4784
20.4,130.8185457,36.0943826,0.4784
20.45,130.8185221,36.3943826,0.4784
20.5,130.8184986,36.6943826,0.4784
20.55,130.8184751,36.9943826,0.4784
20.6,130.8184516,37.2943826,0.4784
20.65,130.818428,37.5943826,0.4784
20.7,130.8184045,37.8943826,0.4784
20.75,130.818381,38.19438259,0.4784
20.8,130.8183575,38.49438259,0.4784
20.85,130.818334,38.79438259,0.4784
20.9,130.8183104,39.09438259,0.4784
20.95,130.8182869,39.39438259,0.4784
21,130.8182634,39.69438259,0.4784
21.05,130.8182399,39.99438259,0.4784
21.1,130.8182163,40.29438259,0.4784
21.15,130.8181928,40.59438259,0.4784
21.2,130.8181693,40.89438259,0.4784
21.25,130.8181458,41.19438259,0.4784
21.3,130.8181223,41.49438258,0.4784
21.35,130.8180987,41.79438258,0.4784
21.4,130.8180752,42.09438258,0.4784
21.45,130.8180517,42.39438258,0.4784
21.5,130.8180282,42.69438258,0.4784
21.55,130.8180046,42.99438258,0.4784
21.6,130.8179811,43.29438258,0.4784
21.65,130.8179576,43.59438258,0.4784
21.7,130.8179341,43.89438258,0.4784
21.75,130.8179106,44.19438258,0.4784
21.8,130.817887,44.49438258,0.4784
21.85,130.8178635,44.79438257,0.4784
21.9,130.81784,45.09438257,0.4784
21.95,130.8178165,45.39438257,0.4784
22,130.817793,45.69438257,0.4784
22.05,130.8177694,45.99438257,0.4784
22.1,130.8177459,46.29438257,0.4784
22.15,130.8177224,46.59438257,0.4784
22.2,130.8176989,46.89438257,0.4784
22.25,130.8176753,47.19438257,0.4784
22.3,130.8176518,47.49438257,0.4784
22.35,130.8176283,47.79438257,0.4784
22.4,130.8176048,48.09438256,0.4784
22.45,130.8175813,48.39438256,0.4784
22.5,130.8175577,48.69438256,0.4784
22.55,130.8175342,48.99438256,0.4784
22.6,130.8175107,49.29438256,0.4784
22.65,130.8174872,49.59438256,0.4784
22.7,130.8174636,49.89438256,0.4784
22.75,130.8174401,50.19438256,0.4784
22.8,130.8174166,50.49438256,0.4784
22.85,130.8173931,50.79438256,0.4784
22.9,130.8173696,51.09438255,0.4784
22.95,130.817346,51.39438255,0.4784
23,130.8173225,51.69438255,0.4784
23.05,130.817299,51.99438255,0.4784
23.1,130.8172755,52.29438255,0.4784
23.15,130.8172519,52.59438255,0.4784
23.2,130.8172284,52.89438255,0.4784
23.25,130.8172049,53.19438255,0.4784
23.3,130.8171814,53.49438255,0.4784
23.35,130.8171579,53.79438255,0.4784
23.4,130.8171343,54.09438255,0.4784
23.45,130.8171108,54.39438254,0.4784
23.5,130.8170873,54.69438254,0.4784
23.55,130.8170638,54.99438254,0.4784
23.6,130.8170402,55.29438254,0.4784
23.65,130.8170167,55.59438254,0.4784
23.7,130.8169932,55.89437254,0.4784
23.75,130.8169697,56.19437254,0.4784
23.8,130.8169462,56.49437254,0.4784
23.85,130.8169226,56.79437254,0.4784
23.9,130.8168991,57.09437254,0.4784
23.95,130.8168756,57.39437254,0.4784
24,130.8168521,57.69437253,0.4784
24.05,130.8168285,57.99437253,0.4784
24.1,130.816805,58.29437253,0.4784
24.15,130.8167815,58.59437253,0.4784
24.2,130.816758,58.89437253,0.4784
24.25,130.8167345,59.19437253,0.4784
24.3,130.8167109,59.49437253,0.4784
24.35,130.8166874,59.79437253,0.4784
24.4,130.8166639,60.09437253,0.4784
24.45,130.8166404,60.39437253,0.4784
24.5,130.8166168,60.69437253,0.4784
24.55,130.8165933,60.99437252,0.4784
24.6,130.8165698,61.29437252,0.4784
24.65,130.8165463,61.59437252,0.4784
24.7,130.8165228,61.89437252,0.4784
24.75,130.8164992,62.19437252,0.4784
24.8,130.8164757,62.49437252,0.4784
24.85,130.8164522,62.79437252,0.4784
24.9,130.8164287,63.09437252,0.4784
24.95,130.8164052,63.39437252,0.4784
25,130.8163816,63.69437252,0.4784
25.05,130.8163581,63.99437252,0.4784
25.1,130.8163346,64.29437251,0.4784
25.15,130.8163111,64.59437251,0.4784
25.2,130.8162875,64.89437251,0.4784
25.25,130.816264,65.19437251,0.4784
25.3,130.8162405,65.49437251,0.4784
25.35,130.816217,65.79437251,0.4784
25.4,130.8161935,66.09437251,0.4784
25.45,130.8161699,66.39437251,0.4784
25.5,130.8161464,66.69437251,0.4784
25.55,130.8161229,66.99437251,0.4784
25.6,130.8160994,67.29437251,0.4784
25.65,130.8160758,67.5943725,0.4784
25.7,130.8160523,67.8943725,0.4784
25.75,130.8160288,68.1943725,0.4784
25.8,130.8160053,68.4943725,0.4784
25.85,130.8159818,68.7943725,0.4784
25.9,130.8159582,69.0943725,0.4784
25.95,130.8159347,69.3943725,0.4784
26,130.8159112,69.6943725,0.4784
26.05,130.8158877,69.9943725,0.4784
26.1,130.8158641,70.2943725,0.4784
26.15,130.8158406,70.5943725,0.4784
26.2,130.8158171,70.89437249,0.4784
26.25,130.8157936,71.19437249,0.4784
26.3,130.8157701,71.49437249,0.4784
26.35,130.8157465,71.79437249,0.4784
26.4,130.815723,72.09437249,0.4784
26.45,130.8156995,72.39437249,0.4784
26.5,130.815676,72.69437249,0.4784
26.55,130.8156524,72.99437249,0.4784
26.6,130.8156289,73.29437249,0.4784
26.65,130.8156054,73.59437249,0.4784
26.7,130.8155819,73.89437248,0.4784
26.75,130.8155584,74.19437248,0.4784
26.8,130.8155348,74.49437248,0.4784
26.85,130.8155113,74.79437248,0.4784
26.9,130.8154878,75.09437248,0.4784
26.95,130.8154643,75.39437248,0.4784
27,130.8154407,75.69437248,0.4784
27.05,130.8154172,75.99437248,0.4784
27.1,130.8153937,76.29437248,0.4784
27.15,130.8153702,76.59437248,0.4784
27.2,130.8153467,76.89437248,0.4784
27.25,130.8153231,77.19437247,0.4784
27.3,130.8152996,77.49437247,0.4784
27.35,130.8152761,77.79437247,0.4784
27.4,130.8152526,78.09437247,0.4784
27.45,130.815229,78.39437247,0.4784
27.5,130.8152055,78.69437247,0.4784
27.55,130.815182,78.99437247,0.4784
27.6,130.8151585,79.29437247,0.4784
27.65,130.815135,79.59437247,0.4784
27.7,130.8151114,79.89437247,0.4784
27.75,130.8150879,80.19437247,0.4784
27.8,130.8150644,80.49437246,0.4784
27.85,130.8150409,80.79437246,0.4784
27.9,130.8150174,81.09437246,0.4784
27.95,130.8149938,81.39437246,0.4784
28,130.8149703,81.69437246,0.4784
28.05,130.8149468,81.99437246,0.4784
28.1,130.8149233,82.29437246,0.4784
28.15,130.8148997,82.59437246,0.4784
28.2,130.8148762,82.89437246,0.4784
28.25,130.8148527,83.19437246,0.4784
28.3,130.8148292,83.49437246,0.4784
28.35,130.8148057,83.79437245,0.4784
28.4,130.8147821,84.09437245,0.4784
28.45,130.8147586,84.39437245,0.4784
28.5,130.8147351,84.69437245,0.4784
28.55,130.8147116,84.99437245,0.4784
28.6,130.814688,85.29437245,0.4784
28.65,130.8146645,85.59437245,0.4784
28.7,130.814641,85.89437245,0.4784
28.75,130.8146175,86.19437245,0.4784
28.8,130.814594,86.49437245,0.4784
28.85,130.8145704,86.79437245,0.4784
28.9,130.8145469,87.09437244,0.4784
28.95,130.8145234,87.39437244,0.4784
29,130.8144999,87.69437244,0.4784
29.05,130.8144763,87.99437244,0.4784
29.1,130.8144528,88.29437244,0.4784
29.15,130.8144293,88.59437244,0.4784
29.2,130.8144058,88.89437244,0.4784
29.25,130.8143823,89.19437244,0.4784
29.3,130.8143587,89.49437244,0.4784
29.35,130.8143352,89.79437244,0.4784
29.4,130.8143117,90.09437244,0.4784
29.45,130.8142882,90.39437243,0.4784
29.5,130.8142646,90.69437243,0.4784
29.55,130.8142411,90.99437243,0.4784
29.6,130.8142176,91.29437243,0.4784
29.65,130.8141941,91.59437243,0.4784
29.7,130.8143253,91.89437237,0.4784
29.75,130.8145714,92.19437227,0.4784
29.8,130.8148174,92.49437217,0.4784
29.85,130.8150634,92.79437207,0.4784
29.9,130.8153095,93.09437197,0.4784
29.95,130.8153144,93.39437183,0.4784
30,130.8149717,93.69437163,0.4784
30.05,130.8146289,93.99437144,0.4784
30.1,130.8142862,94.29437124,0.4784
30.15,130.8139435,94.59437105,0.4784
30.2,130.8111334,94.894335,0.4784
30.25,130.8021529,95.19420056,0.4784
30.3,130.7931723,95.49406611,0.4784
30.35,130.7742678,95.79339128,0.4784
30.4,130.7506349,96.09245897,0.4784
30.45,130.7260012,96.39142289,0.4784
30.5,130.6877724,96.68897719,0.4784
30.55,130.6495436,96.98653149,0.4784
30.6,130.6046451,97.28306251,0.4784
30.65,130.551912,97.5783915,0.4784
30.7,130.4991788,97.87372048,0.4784
30.75,130.4342082,98.16655412,0.4784
30.8,130.3670968,98.45895121,0.4784
30.85,130.2965394,98.75046812,0.4784
30.9,130.2152103,99.03923374,0.4784
30.95,130.1338812,99.32799935,0.4784
31,130.0436665,99.61402614,0.4784
31.05,129.9483144,99.89846939,0.4784
31.1,129.8526185,100.182788,0.4784
31.15,129.7434714,100.4622284,0.4784
31.2,129.6343243,100.7416687,0.4784
31.25,129.5195447,101.0187487,0.4784
31.3,129.3968638,101.2925176,0.4784
31.35,129.2741829,101.5662865,0.4784
31.4,129.1408111,101.834947,0.4784
31.45,129.0048899,102.1023894,0.4784
31.5,128.8664023,102.3684474,0.4784
31.55,128.717566,102.6289235,0.4784
31.6,128.5687297,102.8893995,0.4784
31.65,128.4124838,103.1453978,0.4784
31.7,128.2510885,103.3982842,0.4784
31.75,128.0896933,103.6511707,0.4784
31.8,127.9163533,103.8960162,0.4784
31.85,127.7427852,104.1407081,0.4784
31.9,127.5648371,104.3821291,0.4784
31.95,127.3795114,104.618041,0.4784
32,127.1941857,104.8539528,0.4784
32.05,127.0002183,105.0827274,0.4784
32.1,126.8035785,105.3092947,0.4784
32.15,126.6052572,105.534329,0.4784
32.2,126.3977736,105.7510099,0.4784
32.25,126.1902901,105.9676907,0.4784
32.3,125.9771535,106.1786869,0.4784
32.35,125.7593226,106.3849628,0.4784
32.4,125.5414918,106.5912387,0.4784
32.45,125.314448,106.787296,0.4784
32.5,125.0867911,106.9826734,0.4784
32.55,124.8560817,107.1743128,0.4784
32.6,124.6191433,107.3583243,0.4784
32.65,124.382205,107.5423357,0.4784
32.7,124.1389909,107.717845,0.4784
32.75,123.893338,107.8900503,0.4784
32.8,123.6467796,108.0608942,0.4784
32.85,123.3929999,108.2208813,0.4784
32.9,123.1392202,108.3808683,0.4784
32.95,122.8816605,108.5345211,0.4784
33,122.6203611,108.6819071,0.4784
33.05,122.3590618,108.8292932,0.4784
33.1,122.0915991,108.9650994,0.4784
33.15,121.8234053,109.0995318,0.4784
33.2,121.5534281,109.2301779,0.4784
33.25,121.2789815,109.3513351,0.4784
33.3,121.0045349,109.4724923,0.4784
33.35,120.7263026,109.5844729,0.4784
33.4,120.4462598,109.692065,0.4784
33.45,120.1658833,109.7987204,0.4784
33.5,119.8809144,109.89249,0.4784
33.55,119.5959455,109.9862595,0.4784
33.6,119.3090283,110.0735811,0.4784
33.65,119.0198151,110.1533038,0.4784
33.7,118.7306019,110.2330265,0.4784
33.75,118.438368,110.3006429,0.4784
33.8,118.1456024,110.366128,0.4784
33.85,117.8521478,110.4281358,0.4784
33.9,117.5565303,110.4792265,0.4784
33.95,117.2609127,110.5303173,0.4784
34,116.963938,110.5722214,0.4784
34.05,116.6661758,110.6087956,0.4784
34.1,116.368379,110.6450177,0.4784
34.15,116.0691846,110.6669878,0.4784
34.2,115.7699902,110.688958,0.4784
34.25,115.4704982,110.7048401,0.4784
34.3,115.1705873,110.7121536,0.4784
34.35,114.8706765,110.7194672,0.4784
34.4,114.5706939,110.7208657,0.4784
34.45,114.2706939,110.7208422,0.4784
34.5,113.9706939,110.7208187,0.4784
34.55,113.6706939,110.7207952,0.4784
34.6,113.3706939,110.7207717,0.4784
34.65,113.0706939,110.7207481,0.4784
34.7,112.7706939,110.7207246,0.4784
34.75,112.4706939,110.7207011,0.4784
34.8,112.1706939,110.7206776,0.4784
34.85,111.8706939,110.720654,0.4784
34.9,111.5706939,110.7206305,0.4784
34.95,111.2706939,110.720607,0.4784
35,110.9706939,110.7205835,0.4784
35.05,110.6706939,110.72056,0.4784
35.1,110.3706939,110.7205364,0.4784
35.15,110.0706939,110.7205129,0.4784
35.2,109.7706939,110.7204894,0.4784
35.25,109.4706939,110.7204659,0.4784
35.3,109.1706939,110.7204423,0.4784
35.35,108.8706939,110.7204188,0.4784
35.4,108.5706939,110.7203953,0.4784
35.45,108.2706939,110.7203718,0.4784
35.5,107.9706939,110.7203483,0.4784
35.55,107.6706939,110.7203247,0.4784
35.6,107.3706939,110.7203012,0.4784
35.65,107.0706939,110.7202777,0.4784
35.7,106.7706939,110.7202542,0.4784
35.75,106.4706939,110.7202307,0.4784
35.8,106.1706939,110.7202071,0.4784
35.85,105.8706939,110.7201836,0.4784
35.9,105.5706939,110.7201601,0.4784
35.95,105.2706939,110.7201366,0.4784
36,104.9706939,110.720113,0.4784
36.05,104.6706939,110.7200895,0.4784
36.1,104.3706939,110.720066,0.4784
36.15,104.0706939,110.7200425,0.4784
36.2,103.7706939,110.720019,0.4784
36.25,103.4706939,110.7199954,0.4784
36.3,103.1706939,110.7199719,0.4784
36.35,102.8706939,110.7199484,0.4784
36.4,102.5706939,110.7199249,0.4784
36.45,102.2706939,110.7199013,0.4784
36.5,101.9706939,110.7198778,0.4784
36.55,101.6706939,110.7198543,0.4784
36.6,101.3706939,110.7198308,0.4784
36.65,101.0706939,110.7198073,0.4784
36.7,100.7706939,110.7197837,0.4784
36.75,100.4706939,110.7197602,0.4784
36.8,100.1706939,110.7197367,0.4784
36.85,99.8706939,110.7197132,0.4784
36.9,99.5706939,110.7196896,0.4784
36.95,99.27069391,110.7196661,0.4784
37,98.97069391,110.7196426,0.4784
37.05,98.67069391,110.7196191,0.4784
37.1,98.37069391,110.7195956,0.4784
37.15,98.07069391,110.719572,0.4784
37.2,97.77069391,110.7195485,0.4784
37.25,97.47069391,110.719525,0.4784
37.3,97.17069391,110.7195015,0.4784
37.35,96.87069391,110.7194779,0.4784
37.4,96.57069391,110.7194544,0.4784
37.45,96.27069391,110.7194309,0.4784
37.5,95.97069392,110.7194074,0.4784
37.55,95.67069392,110.7193839,0.4784
37.6,95.37069392,110.7193603,0.4784
37.65,95.07069392,110.7193368,0.4784
37.7,94.77069392,110.7193133,0.4784
37.75,94.47069392,110.7192898,0.4784
37.8,94.17069392,110.7192662,0.4784
37.85,93.87069392,110.7192427,0.4784
37.9,93.57069392,110.7192192,0.4784
37.95,93.27069392,110.7191957,0.4784
38,92.97069392,110.7191722,0.4784
38.05,92.67069393,110.7191486,0.4784
38.1,92.37069393,110.7191251,0.4784
38.15,92.07069393,110.7191016,0.4784
38.2,91.77069393,110.7190781,0.4784
38.25,91.47069393,110.7190545,0.4784
38.3,91.17069393,110.719031,0.4784
38.35,90.87069393,110.7190075,0.4784
38.4,90.57069393,110.718984,0.4784
38.45,90.27069393,110.7189605,0.4784
38.5,89.97069393,110.7189369,0.4784
38.55,89.67069394,110.7189134,0.4784
38.6,89.37069394,110.7188899,0.4784
38.65,89.07069394,110.7188664,0.4784
38.7,88.77069394,110.7188429,0.4784
38.75,88.47069394,110.7188193,0.4784
38.8,88.17069394,110.7187958,0.4784
38.85,87.87069394,110.7187723,0.4784
38.9,87.57069394,110.7187488,0.4784
38.95,87.27069394,110.7187252,0.4784
39,86.97069394,110.7187017,0.4784
39.05,86.67069394,110.7186782,0.4784
39.1,86.37069395,110.7186547,0.4784
39.15,86.07069395,110.7186312,0.4784
39.2,85.77069395,110.7186076,0.4784
39.25,85.47069395,110.7185841,0.4784
39.3,85.17069395,110.7185606,0.4784
39.35,84.87069395,110.7185371,0.4784
39.4,84.57069395,110.7185135,0.4784
39.45,84.27069395,110.71849,0.4784
39.5,83.97069395,110.7184665,0.4784
39.55,83.67069395,110.718443,0.4784
39.6,83.37069395,110.7184195,0.4784
39.65,83.07069396,110.7183959,0.4784
39.7,82.77069396,110.7183724,0.4784
39.75,82.47069396,110.7183489,0.4784
39.8,82.17069396,110.7183254,0.4784
39.85,81.87069396,110.7183018,0.4784
39.9,81.57069396,110.7182783,0.4784
39.95,81.27069396,110.7182548,0.4784
40,80.97069396,110.7182313,0.4784
40.05,80.67069396,110.7182078,0.4784
40.1,80.37069396,110.7181842,0.4784
40.15,80.07069396,110.7181607,0.4784
40.2,79.77069397,110.7181372,0.4784
40.25,79.47069397,110.7181137,0.4784
40.3,79.17069397,110.7180901,0.4784
40.35,78.87069397,110.7180666,0.4784
40.4,78.57069397,110.7180431,0.4784
40.45,78.27069397,110.7180196,0.4784
40.5,77.97069397,110.7179961,0.4784
40.55,77.67069397,110.7179725,0.4784
40.6,77.37069397,110.717949,0.4784
40.65,77.07069397,110.7179255,0.4784
40.7,76.77069397,110.717902,0.4784
40.75,76.47069398,110.7178784,0.4784
40.8,76.17069398,110.7178549,0.4784
40.85,75.87069398,110.7178314,0.4784
40.9,75.57069398,110.7178079,0.4784
40.95,75.27069398,110.7177844,0.4784
41,74.97069398,110.7177608,0.4784
41.05,74.67069398,110.7177373,0.4784
41.1,74.37069398,110.7177138,0.4784
41.15,74.07069398,110.7176903,0.4784
41.2,73.77069398,110.7176667,0.4784
41.25,73.47069398,110.7176432,0.4784
41.3,73.17069399,110.7176197,0.4784
41.35,72.87069399,110.7175962,0.4784
41.4,72.57069399,110.7175727,0.4784
41.45,72.27069399,110.7175491,0.4784
41.5,71.97069399,110.7175256,0.4784
41.55,71.67069399,110.7175021,0.4784
41.6,71.37069399,110.7174786,0.4784
41.65,71.07069399,110.7174551,0.4784
41.7,70.77069399,110.7174315,0.4784
41.75,70.47069399,110.717408,0.4784
41.8,70.170694,110.7173845,0.4784
41.85,69.870694,110.717361,0.4784
41.9,69.570694,110.7173374,0.4784
41.95,69.270694,110.7173139,0.4784
42,68.970694,110.7172904,0.4784
42.05,68.670694,110.7172669,0.4784
42.1,68.370694,110.7172434,0.4784
42.15,68.070694,110.7172198,0.4784
42.2,67.770694,110.7171963,0.4784
42.25,67.470694,110.7171728,0.4784
42.3,67.170694,110.7171493,0.4784
42.35,66.87069401,110.7171257,0.4784
42.4,66.57069401,110.7171022,0.4784
42.45,66.27069401,110.7170787,0.4784
42.5,65.97069401,110.7170552,0.4784
42.55,65.67069401,110.7170317,0.4784
42.6,65.37069401,110.7170081,0.4784
42.65,65.07069401,110.7169846,0.4784
42.7,64.77069401,110.7169611,0.4784
42.75,64.47069401,110.7169376,0.4784
42.8,64.17069401,110.716914,0.4784
42.85,63.87069401,110.7168905,0.4784
42.9,63.57069402,110.716867,0.4784
42.95,63.27069402,110.7168435,0.4784
43,62.97069402,110.71682,0.4784
43.05,62.67069402,110.7167964,0.4784
43.1,62.37069402,110.7167729,0.4784
43.15,62.07069402,110.7167494,0.4784
43.2,61.77069402,110.7167259,0.4784
43.25,61.47069402,110.7167023,0.4784
43.3,61.17069402,110.7166788,0.4784
43.35,60.87069402,110.7166553,0.4784
43.4,60.57069402,110.7166318,0.4784
43.45,60.27069403,110.7166083,0.4784
43.5,59.97069403,110.7165847,0.4784
43.55,59.67069403,110.7165612,0.4784
43.6,59.37069403,110.7165377,0.4784
43.65,59.07069403,110.7165142,0.4784
43.7,58.77069403,110.7164906,0.4784
43.75,58.47069403,110.7164671,0.4784
43.8,58.17069403,110.7164436,0.4784
43.85,57.87069403,110.7164201,0.4784
43.9,57.57069403,110.7163966,0.4784
43.95,57.27069403,110.716373,0.4784
44,56.97069404,110.7163495,0.4784
44.05,56.67069404,110.716326,0.4784
44.1,56.37069404,110.7163025,0.4784
44.15,56.07069404,110.7162789,0.4784
44.2,55.77069404,110.7162554,0.4784
44.25,55.47069404,110.7162319,0.4784
44.3,55.17069404,110.7162084,0.4784
44.35,54.87069404,110.7161849,0.4784
44.4,54.57069404,110.7161613,0.4784
44.45,54.27069404,110.7161378,0.4784
44.5,53.97069404,110.7161143,0.4784
44.55,53.67069405,110.7160908,0.4784
44.6,53.37069405,110.7160672,0.4784
44.65,53.07069405,110.7160437,0.4784
44.7,52.77069405,110.7160202,0.4784
44.75,52.47069405,110.7159967,0.4784
44.8,52.17069405,110.7159732,0.4784
44.85,51.87069405,110.7159496,0.4784
44.9,51.57069405,110.7159261,0.4784
44.95,51.27069405,110.7159026,0.4784
45,50.97069405,110.7158791,0.4784
45.05,50.67069405,110.7158556,0.4784
45.1,50.37069406,110.715832,0.4784
45.15,50.07069406,110.7158085,0.4784
45.2,49.77069406,110.715785,0.4784
45.25,49.47069406,110.7157615,0.4784
45.3,49.17069406,110.7157379,0.4784
45.35,48.87069406,110.7157144,0.4784
45.4,48.57069406,110.7156909,0.4784
45.45,48.27069406,110.7156674,0.4784
45.5,47.97069406,110.7156439,0.4784
45.55,47.67069406,110.7156203,0.4784
45.6,47.37069407,110.7155968,0.4784
45.65,47.07069407,110.7155733,0.4784
45.7,46.77069407,110.7155498,0.4784
45.75,46.47069407,110.7155262,0.4784
45.8,46.17069407,110.7155027,0.4784
45.85,45.87069407,110.7154792,0.4784
45.9,45.57069407,110.7154557,0.4784
45.95,45.27069407,110.7154322,0.4784
46,44.97069407,110.7154086,0.4784
46.05,44.67069407,110.7153851,0.4784
46.1,44.37069407,110.7153616,0.4784
46.15,44.07069408,110.7153381,0.4784
46.2,43.77069408,110.7153145,0.4784
46.25,43.47069408,110.715291,0.4784
46.3,43.17069408,110.7152675,0.4784
46.35,42.87069408,110.715244,0.4784
46.4,42.57069408,110.7152205,0.4784
46.45,42.27069408,110.7151969,0.4784
46.5,41.97069408,110.7151734,0.4784
46.55,41.67069408,110.7151499,0.4784
46.6,41.37069408,110.7151264,0.4784
46.65,41.07069408,110.7151028,0.4784
46.7,40.77070681,110.714049,0.4784
46.75,40.47079773,110.7066635,0.4784
46.8,40.17088866,110.699278,0.4784
46.85,39.87097958,110.6918924,0.4784
46.9,39.57169855,110.6717426,0.4784
46.95,39.27251306,110.6496509,0.4784
47,38.97332757,110.6275592,0.4784
47.05,38.67500281,110.596735,0.4784
47.1,38.3772616,110.5599902,0.4784
47.15,38.0795204,110.5232455,0.4784
47.2,37.78247941,110.4817826,0.4784
47.25,37.4868997,110.4304734,0.4784
47.3,37.19131999,110.3791642,0.4784
47.35,36.89588956,110.3271047,0.4784
47.4,36.60318335,110.2613546,0.4784
47.45,36.31047715,110.1956046,0.4784
47.5,36.01777094,110.1298545,0.4784
47.55,35.72785585,110.0529647,0.4784
47.6,35.43872822,109.9729321,0.4784
47.65,35.1496006,109.8928995,0.4784
47.7,34.86264449,109.80571,0.4784
47.75,34.57779192,109.7115877,0.4784
47.8,34.29293934,109.6174654,0.4784
47.85,34.00925737,109.5200721,0.4784
47.9,33.72936601,109.4120868,0.4784
47.95,33.44947465,109.3041015,0.4784
48,33.16958329,109.1961162,0.4784
48.05,32.89512421,109.0750184,0.4784
48.1,32.62086828,108.9534302,0.4784
48.15,32.34661236,108.831842,0.4784
48.2,32.07671299,108.701044,0.4784
48.25,31.80875313,108.5661458,0.4784
48.3,31.54079328,108.4312476,0.4784
48.35,31.27574852,108.2908964,0.4784
48.4,31.01473021,108.1430132,0.4784
48.45,30.7537119,107.99513,0.4784
48.5,30.4938136,107.8453784,0.4784
48.55,30.2403656,107.6848664,0.4784
48.6,29.98691759,107.5243544,0.4784
48.65,29.73346959,107.3638423,0.4784
48.7,29.48718754,107.1926068,0.4784
48.75,29.24192035,107.0198527,0.4784
48.8,28.99665316,106.8470985,0.4784
48.85,28.75668357,106.667202,0.4784
48.9,28.52018801,106.4826218,0.4784
48.95,28.28369245,106.2980416,0.4784
49,28.05029769,106.1096834,0.4784
49.05,27.82314344,105.9137218,0.4784
49.1,27.5959892,105.7177602,0.4784
49.15,27.36942771,105.5211447,0.4784
49.2,27.15216195,105.3142737,0.4784
49.25,26.93489619,105.1074028,0.4784
49.3,26.71763044,104.9005318,0.4784
49.35,26.50856864,104.6854575,0.4784
49.4,26.30171473,104.4681756,0.4784
49.45,26.09486082,104.2508936,0.4784
49.5,25.89363592,104.0285101,0.4784
49.55,25.69769215,103.8013405,0.4784
49.6,25.50174837,103.5741709,0.4784
49.65,25.30858118,103.3447227,0.4784
49.7,25.12401953,103.1082127,0.4784
49.75,24.93945788,102.8717027,0.4784
49.8,24.75489623,102.6351926,0.4784
49.85,24.58182947,102.390158,0.4784
49.9,24.40909453,102.1448772,0.4784
49.95,24.23635959,101.8995965,0.4784
50,24.0721939,101.6485903,0.4784
50.05,23.91170176,101.3951297,0.4784
50.1,23.75120962,101.1416691,0.4784
50.15,23.59612212,100.8849693,0.4784
50.2,23.44825939,100.6239394,0.4784
50.25,23.30039665,100.3629095,0.4784
50.3,23.1545589,100.1007973,0.4784
50.35,23.01968174,99.83282687,0.4784
50.4,22.88480459,99.56485644,0.4784
50.45,22.74992743,99.29688601,0.4784
50.5,22.62681594,99.02335114,0.4784
50.55,22.50524927,98.74908568,0.4784
50.6,22.38368259,98.47482022,0.4784
50.65,22.27044033,98.19710687,0.4784
50.7,22.16247697,97.91720704,0.4784
50.75,22.0545136,97.63730722,0.4784
50.8,21.95126295,97.35572125,0.4784
50.85,21.85716297,97.07086129,0.4784
50.9,21.76306299,96.78600134,0.4784
50.95,21.66992027,96.50085102,0.4784
51,21.58991035,96.21171712,0.4784
51.05,21.50990043,95.92258322,0.4784
51.1,21.4298905,95.63344932,0.4784
51.15,21.36124879,95.34146797,0.4784
51.2,21.29552166,95.04875661,0.4784
51.25,21.22979452,94.75604524,0.4784
51.3,21.17163362,94.46182894,0.4784
51.35,21.1203476,94.1662452,0.4784
51.4,21.06906158,93.87066147,0.4784
51.45,21.02144493,93.57453346,0.4784
51.5,20.98472356,93.27678938,0.4784
51.55,20.94800219,92.97904529,0.4784
51.6,20.91128082,92.6813012,0.4784
51.65,20.88891856,92.38214294,0.4784
51.7,20.8668503,92.08295572,0.4784
51.75,20.84478204,91.7837685,0.4784
51.8,20.83312487,91.48406984,0.4784
51.85,20.82576288,91.18416019,0.4784
51.9,20.81840089,90.88425053,0.4784
51.95,20.81424819,90.584294,0.4784
52,20.8142482,90.284294,0.4784
52.05,20.81424821,89.984294,0.4784
52.1,20.81424822,89.684294,0.4784
52.15,20.81424823,89.384294,0.4784
52.2,20.81424824,89.084294,0.4784
52.25,20.81424825,88.784294,0.4784
52.3,20.81424826,88.484294,0.4784
52.35,20.81424827,88.184294,0.4784
52.4,20.81424828,87.884294,0.4784
52.45,20.81424829,87.584294,0.4784
52.5,20.8142483,87.284294,0.4784
52.55,20.81424831,86.984294,0.4784
52.6,20.81424832,86.684294,0.4784
52.65,20.81424833,86.384294,0.4784
52.7,20.81424834,86.084294,0.4784
52.75,20.81424834,85.784294,0.4784
52.8,20.81424835,85.484294,0.4784
52.85,20.81424836,85.184294,0.4784
52.9,20.81424837,84.884294,0.4784
52.95,20.81424838,84.584294,0.4784
53,20.81424839,84.284294,0.4784
53.05,20.8142484,83.984294,0.4784
53.1,20.81424841,83.684294,0.4784
53.15,20.81424842,83.384294,0.4784
53.2,20.81424843,83.084294,0.4784
53.25,20.81424844,82.784294,0.4784
53.3,20.81424845,82.484294,0.4784
53.35,20.81424846,82.184294,0.4784
53.4,20.81424847,81.884294,0.4784
53.45,20.81424848,81.584294,0.4784
53.5,20.81424849,81.284294,0.4784
53.55,20.8142485,80.984294,0.4784
53.6,20.81424851,80.684294,0.4784
53.65,20.81424852,80.384294,0.4784
53.7,20.81424853,80.084294,0.4784
53.75,20.81424854,79.784294,0.4784
53.8,20.81424855,79.484294,0.4784
53.85,20.81424856,79.184294,0.4784
53.9,20.81424856,78.884294,0.4784
53.95,20.81424857,78.584294,0.4784
54,20.81424858,78.284294,0.4784
54.05,20.81424859,77.984294,0.4784
54.1,20.8142486,77.684294,0.4784
54.15,20.81424861,77.384294,0.4784
54.2,20.81424862,77.084294,0.4784
54.25,20.81424863,76.784294,0.4784
54.3,20.81424864,76.484294,0.4784
54.35,20.81424865,76.184294,0.4784
54.4,20.81424866,75.884294,0.4784
54.45,20.81424867,75.584294,0.4784
54.5,20.81424868,75.284294,0.4784
54.55,20.81424869,74.984294,0.4784
54.6,20.8142487,74.684294,0.4784
54.65,20.81424871,74.384294,0.4784
54.7,20.81424872,74.084294,0.4784
54.75,20.81424873,73.784294,0.4784
54.8,20.81424874,73.484294,0.4784
54.85,20.81424875,73.184294,0.4784
54.9,20.81424876,72.884294,0.4784
54.95,20.81424877,72.584294,0.4784
55,20.81424877,72.284294,0.4784
55.05,20.81424878,71.984294,0.4784
55.1,20.81424879,71.684294,0.4784
55.15,20.8142488,71.384294,0.4784
55.2,20.81424881,71.084294,0.4784
55.25,20.81424882,70.784294,0.4784
55.3,20.81424883,70.484294,0.4784
55.35,20.81424884,70.184294,0.4784
55.4,20.81424885,69.884294,0.4784
55.45,20.81424886,69.584294,0.4784
55.5,20.81424887,69.284294,0.4784
55.55,20.81424888,68.984294,0.4784
55.6,20.81424889,68.684294,0.4784
55.65,20.8142489,68.384294,0.4784
55.7,20.81424891,68.084294,0.4784
55.75,20.81424892,67.784294,0.4784
55.8,20.81424893,67.484294,0.4784
55.85,20.81424894,67.184294,0.4784
55.9,20.81424895,66.884294,0.4784
55.95,20.81424896,66.584294,0.4784
56,20.81424897,66.284294,0.4784
56.05,20.81424898,65.984294,0.4784
56.1,20.81424899,65.684294,0.4784
56.15,20.81424899,65.384294,0.4784
56.2,20.814249,65.084294,0.4784
56.25,20.81424901,64.784294,0.4784
56.3,20.81424902,64.484294,0.4784
56.35,20.81424903,64.184294,0.4784
56.4,20.81424904,63.884294,0.4784
56.45,20.81424905,63.584294,0.4784
56.5,20.81424906,63.284294,0.4784
56.55,20.81424907,62.984294,0.4784
56.6,20.81424908,62.684294,0.4784
56.65,20.81424909,62.384294,0.4784
56.7,20.8142491,62.084294,0.4784
56.75,20.81424911,61.784294,0.4784
56.8,20.81424912,61.484294,0.4784
56.85,20.81424913,61.184294,0.4784
56.9,20.81424914,60.884294,0.4784
56.95,20.81424915,60.584294,0.4784
57,20.81424916,60.284294,0.4784
57.05,20.81424917,59.984294,0.4784
57.1,20.81424918,59.684294,0.4784
57.15,20.81424919,59.384294,0.4784
57.2,20.8142492,59.084294,0.4784
57.25,20.81424921,58.784294,0.4784
57.3,20.81424921,58.484294,0.4784
57.35,20.81424922,58.184294,0.4784
57.4,20.81424923,57.884294,0.4784
57.45,20.81424924,57.584294,0.4784
57.5,20.81424925,57.284294,0.4784
57.55,20.81424926,56.984294,0.4784
57.6,20.81424927,56.684294,0.4784
57.65,20.81424928,56.384294,0.4784
57.7,20.81424929,56.084294,0.4784
57.75,20.8142493,55.784294,0.4784
57.8,20.81424931,55.484294,0.4784
57.85,20.81424932,55.184294,0.4784
57.9,20.81424933,54.884294,0.4784
57.95,20.81424934,54.584294,0.4784
58,20.81424935,54.284294,0.4784
58.05,20.81424936,53.984294,0.4784
58.1,20.81424937,53.684294,0.4784
58.15,20.81424938,53.384294,0.4784
58.2,20.81424939,53.084294,0.4784
58.25,20.8142494,52.784294,0.4784
58.3,20.81424941,52.484294,0.4784
58.35,20.81424942,52.184294,0.4784
58.4,20.81424943,51.884294,0.4784
58.45,20.81424943,51.584294,0.4784
58.5,20.81424944,51.284294,0.4784
58.55,20.81424945,50.984294,0.4784
58.6,20.81424946,50.684294,0.4784
58.65,20.81424947,50.384294,0.4784
58.7,20.81424948,50.084294,0.4784
58.75,20.81424949,49.784294,0.4784
58.8,20.8142495,49.484294,0.4784
58.85,20.81424951,49.184294,0.4784
58.9,20.81424952,48.884294,0.4784
58.95,20.81424953,48.584294,0.4784
59,20.81424954,48.284294,0.4784
59.05,20.81424955,47.984294,0.4784
59.1,20.81424956,47.684294,0.4784
59.15,20.81424957,47.384294,0.4784
59.2,20.81424958,47.084294,0.4784
59.25,20.81424959,46.784294,0.4784
59.3,20.8142496,46.484294,0.4784
59.35,20.81424961,46.184294,0.4784
59.4,20.81424962,45.884294,0.4784
59.45,20.81424963,45.584294,0.4784
59.5,20.81424964,45.284294,0.4784
59.55,20.81424964,44.984294,0.4784
59.6,20.81424965,44.684294,0.4784
59.65,20.81424966,44.384294,0.4784
59.7,20.81424967,44.084294,0.4784
59.75,20.81424968,43.784294,0.4784
59.8,20.81424969,43.484294,0.4784
59.85,20.8142497,43.184294,0.4784
59.9,20.81424971,42.884294,0.4784
59.95,20.81424972,42.584294,0.4784
60,20.81424973,42.284294,0.4784
60.05,20.81424974,41.984294,0.4784
60.1,20.81424975,41.684294,0.4784
60.15,20.81424976,41.384294,0.4784
60.2,20.81424977,41.084294,0.4784
60.25,20.81424978,40.784294,0.4784
60.3,20.81424979,40.484294,0.4784
60.35,20.8142498,40.184294,0.4784
60.4,20.81424981,39.884294,0.4784
60.45,20.81424982,39.584294,0.4784
60.5,20.81424983,39.284294,0.4784
60.55,20.81424984,38.984294,0.4784
60.6,20.81424985,38.684294,0.4784
60.65,20.81424986,38.384294,0.4784
60.7,20.81424986,38.084294,0.4784
60.75,20.81424987,37.784294,0.4784
60.8,20.81424988,37.484294,0.4784
60.85,20.81424989,37.184294,0.4784
60.9,20.8142499,36.884294,0.4784
60.95,20.81424991,36.584294,0.4784
61,20.81424992,36.284294,0.4784
61.05,20.81424993,35.984294,0.4784
61.1,20.81424994,35.684294,0.4784
61.15,20.81424995,35.384294,0.4784
61.2,20.81424996,35.084294,0.4784
61.25,20.81424997,34.784294,0.4784
61.3,20.81424998,34.484294,0.4784
61.35,20.81424999,34.184294,0.4784
61.4,20.81425,33.884294,0.4784
61.45,20.81425001,33.584294,0.4784
61.5,20.81425002,33.284294,0.4784
61.55,20.81425003,32.984294,0.4784
61.6,20.81425004,32.684294,0.4784
61.65,20.81425005,32.384294,0.4784
61.7,20.81425006,32.084294,0.4784
61.75,20.81425007,31.784294,0.4784
61.8,20.81425008,31.484294,0.4784
61.85,20.81425008,31.184294,0.4784
61.9,20.81425009,30.884294,0.4784
61.95,20.8142501,30.584294,0.4784
62,20.81425011,30.284294,0.4784
62.05,20.81425012,29.984294,0.4784
62.1,20.81425013,29.684294,0.4784
62.15,20.81425014,29.384294,0.4784
62.2,20.81425015,29.084294,0.4784
62.25,20.81425016,28.784294,0.4784
62.3,20.81425017,28.484294,0.4784
62.35,20.81425018,28.184294,0.4784
62.4,20.81425019,27.884294,0.4784
62.45,20.8142502,27.584294,0.4784
62.5,20.81425021,27.284294,0.4784
62.55,20.81425022,26.984294,0.4784
62.6,20.81425023,26.684294,0.4784
62.65,20.81425024,26.384294,0.4784
62.7,20.81425025,26.084294,0.4784
62.75,20.81425026,25.784294,0.4784
62.8,20.81235953,25.48430174,0.4784
62.85,20.80990175,25.18431181,0.4784
62.9,20.80744397,24.88432188,0.4784
62.95,20.80498619,24.58433195,0.4784
63,20.80252841,24.28434201,0.4784
63.05,20.80007063,23.98435208,0.4784
63.1,20.79761285,23.68436215,0.4784
63.15,20.79515507,23.38437222,0.4784
63.2,20.79269728,23.08438229,0.4784
63.25,20.7902395,22.78439235,0.4784
63.3,20.78778172,22.48440242,0.4784
63.35,20.78532394,22.18441249,0.4784
63.4,20.78286616,21.88442256,0.4784
63.45,20.78040838,21.58443263,0.4784
63.5,20.77791204,21.28444301,0.4784
63.55,20.77540001,20.98445353,0.4784
63.6,20.77288799,20.68446405,0.4784
63.65,20.77037596,20.38447456,0.4784
63.7,20.76786394,20.08448508,0.4784
63.75,20.76535192,19.7844956,0.4784
63.8,20.76283989,19.48450612,0.4784
63.85,20.76032787,19.18451663,0.4784
63.9,20.75781584,18.88452715,0.4784
63.95,20.75530382,18.58453767,0.4784
64,20.75279179,18.28454819,0.4784
64.05,20.75027977,17.9845587,0.4784
64.1,20.74776774,17.68456922,0.4784
64.15,20.74525572,17.38457974,0.4784
64.2,20.75140353,17.08466092,0.4784
64.25,20.75880526,16.78475224,0.4784
64.3,20.76979696,16.48502088,0.4784
64.35,20.7919841,16.18584245,0.4784
64.4,20.81417124,15.88666402,0.4784
64.45,20.84536048,15.588377,0.4784
64.5,20.88227901,15.29065729,0.4784
64.55,20.91919753,14.99293759,0.4784
64.6,20.97045538,14.69735646,0.4784
64.65,21.0220154,14.4018204,0.4784
64.7,21.07862175,14.10729362,0.4784
64.75,21.14469772,13.8146608,0.4784
64.8,21.21077369,13.52202798,0.4784
64.85,21.28712672,13.23198377,0.4784
64.9,21.36755775,12.94296673,0.4784
64.95,21.44918095,12.65431338,0.4784
65,21.5437712,12.36961585,0.4784
65.05,21.63836146,12.08491832,0.4784
65.1,21.73925419,11.80248892,0.4784
65.15,21.84777335,11.52280411,0.4784
65.2,21.95629251,11.2431193,0.4784
65.25,22.07602699,10.96810764,0.4784
65.3,22.19821081,10.69411656,0.4784
65.35,22.32292145,10.42132788,0.4784
65.4,22.45847244,10.15369767,0.4784
65.45,22.59402342,9.886067458,0.4784
65.5,22.73684012,9.622345396,0.4784
65.55,22.88542821,9.361727709,0.4784
65.6,23.03401631,9.101110023,0.4784
65.65,23.19433652,8.847570407,0.4784
65.7,23.35559992,8.594599825,0.4784
65.75,23.52047278,8.344057482,0.4784
65.8,23.69401883,8.099349966,0.4784
65.85,23.86756488,7.854642449,0.4784
65.9,24.04896402,7.615800811,0.4784
65.95,24.23437015,7.3799522,0.4784
66,24.42012336,7.144390576,0.4784
66.05,24.61693813,6.917975139,0.4784
66.1,24.81375289,6.691559702,0.4784
66.15,25.01492522,6.469125091,0.4784
66.2,25.22266938,6.25269413,0.4784
66.25,25.43041355,6.036263168,0.4784
66.3,25.64615239,5.827894289,0.4784
66.35,25.86432012,5.621974792,0.4784
66.4,26.08382588,5.417544875,0.4784
66.45,26.31188596,5.222638237,0.4784
66.5,26.53994605,5.0277316,0.4784
66.55,26.77270768,4.838609308,0.4784
66.6,27.01010481,4.65519011,0.4784
66.65,27.24750194,4.471770912,0.4784
66.7,27.4925353,4.298755994,0.4784
66.75,27.73869144,4.127270844,0.4784
66.8,27.98680665,3.958751228,0.4784
66.85,28.24112242,3.799617677,0.4784
66.9,28.4954382,3.640484125,0.4784
66.95,28.75434133,3.489100663,0.4784
67,29.01619751,3.342706185,0.4784
67.05,29.27805369,3.196311707,0.4784
67.1,29.54665149,3.062706977,0.4784
67.15,29.81541047,2.929408031,0.4784
67.2,30.0863247,2.800738055,0.4784
67.25,30.36133209,2.680859209,0.4784
67.3,30.63633948,2.560980364,0.4784
67.35,30.91532569,2.450881002,0.4784
67.4,31.19591186,2.344714153,0.4784
67.45,31.47689695,2.239685686,0.4784
67.5,31.7623787,2.147489338,0.4784
67.55,32.04786046,2.05529299,0.4784
67.6,32.33523143,1.969481026,0.4784
67.65,32.62491365,1.891479669,0.4784
67.7,32.91459587,1.813478312,0.4784
67.75,33.20713724,1.747244415,0.4784
67.8,33.50031457,1.683627976,0.4784
67.85,33.79401011,1.622720592,0.4784
67.9,34.08996869,1.57364397,0.4784
67.95,34.38592728,1.524567349,0.4784
68,34.68302868,1.483620756,0.4784
68.05,34.98104789,1.449203449,0.4784
68.1,35.2790671,1.414786142,0.4784
68.15,35.57831833,1.393974911,0.4784
68.2,35.87767251,1.374300722,0.4784
68.25,36.17720315,1.358933009,0.4784
68.3,36.47716341,1.354049843,0.4784
68.35,36.77712366,1.349166676,0.4784
